PHPエンジニア,株式会社Relic,事業を創り、成功させたい。そんなPHPエンジニアを募集！！,https://www.wantedly.com/projects/548279
サーバーサイドエンジニア,株式会社Relic,Webサービスが大好きな人歓迎！スクラム開発で新規事業を立ち上げませんか？,https://www.wantedly.com/projects/568378
Laravelエンジニア,株式会社Relic,新規事業に0から携わりたい。そんなLaravelエンジニアを募集！,https://www.wantedly.com/projects/568380
リードエンジニア,株式会社Wizleap,初心者OK、オンラインOK、渋谷！東大卒CTO直下でエンジニア募集中！,https://www.wantedly.com/projects/543595
テックリード,株式会社Wizleap,東大卒スタートアップ、新オンライン金融サービスのテックリードを大募集！,https://www.wantedly.com/projects/584493
ソフトウェアエンジニア,株式会社Wizleap,東大卒スタートアップ、新オンライン金融サービスのリードエンジニアを大募集！,https://www.wantedly.com/projects/606402
Webエンジニア,株式会社Wizleap,実績豊富の東大生CTO直下でwebサービスを改善するエンジニア募集,https://www.wantedly.com/projects/268146
ソフトウェアエンジニア,株式会社Wizleap,ペット好きなエンジニアを大募集！ペットのサービス開発に興味ありませんか？,https://www.wantedly.com/projects/606399
リードエンジニア,株式会社Wizleap,経験者歓迎！優秀な人に囲まれて仕事をしたいエンジニアを募集！,https://www.wantedly.com/projects/615331
Webエンジニア,"AutoScale, Inc.",PHP と React でモダンな自社サービス開発をしたい方募集,https://www.wantedly.com/projects/244441
Webエンジニア,"AutoScale, Inc.",イケてるサービスを作りたい！開発が大好きなPHPエンジニア募集！,https://www.wantedly.com/projects/273755
Webアプリエンジニア,オープンワーク株式会社,PHP／AWS環境　弊社のWebエンジニアとして働いてみませんか？,https://www.wantedly.com/projects/573685
Webエンジニア,レイルリンク株式会社,PHPエンジニア募集！・完全自社開発・自由な職場環境,https://www.wantedly.com/projects/529309
Webエンジニア,レイルリンク株式会社,Webエンジニア募集！快適なオフィスで私たちと一緒にIT業界で働きませんか,https://www.wantedly.com/projects/555160
Webエンジニア,レイルリンク株式会社,Webエンジニア募集！快適なオフィス！私たちと共にIT業界で働きませんか？,https://www.wantedly.com/projects/532621
Webエンジニア,レイルリンク株式会社,Webが好きな方、プログラマーを目指したい方、一度お会いしませんか？,https://www.wantedly.com/projects/521928
Webエンジニア,レイルリンク株式会社,Webエンジニア募集！私たちと一緒にWeb業界で働きませんか？,https://www.wantedly.com/projects/525559
Webエンジニア,レイルリンク株式会社,ＷＥＢ業界でプログラマーを目指したい、ＷＥＢが好き。まずそれがあればＯＫ！,https://www.wantedly.com/projects/517322
Webエンジニア,レイルリンク株式会社,WEBエンジニア募集！私たちと一緒にWEB業界で働きませんか？,https://www.wantedly.com/projects/547398
Webエンジニア,レイルリンク株式会社,Webが好きな方、プログラマーを目指したい方、一度お話ししませんか？,https://www.wantedly.com/projects/543536
Webエンジニア,レイルリンク株式会社,WEBエンジニア大募集！あなたの技術が活かせる場所がここにあります！,https://www.wantedly.com/projects/536416
Webエンジニア,レイルリンク株式会社,ＷＥＢ業界でプログラマーを目指したい、ＷＥＢが好き。まずはそれがあればＯＫ,https://www.wantedly.com/projects/540186
Webエンジニア,レイルリンク株式会社,WEBエンジニア募集中！あなたの技術が活かせる場所がここにあります！,https://www.wantedly.com/projects/560336
Webエンジニア,レイルリンク株式会社,ＷＥＢ業界でプログラマーを目指したい・ＷＥＢが好き。まずそれがあればＯＫ！,https://www.wantedly.com/projects/564265
Webエンジニア,レイルリンク株式会社,Webエンジニア募集！自主性を重視！快適なオフィスで一緒に働きませんか？,https://www.wantedly.com/projects/571791
Webエンジニア,レイルリンク株式会社,WEBエンジニア経験者、目指す方募集！稼げる人間目指しませんか？,https://www.wantedly.com/projects/580398
Webエンジニア,レイルリンク株式会社,Webが好きな方、プログラマーを目指したい方、一度お話してみませんか？,https://www.wantedly.com/projects/567544
Webエンジニア,レイルリンク株式会社,Webエンジニア募集！自主性を尊重！経験を生かせる環境で働きませんか？,https://www.wantedly.com/projects/597443
Webエンジニア,レイルリンク株式会社,Webエンジニア募集！あなたの技術を生かせる環境で一緒に働きませんか？,https://www.wantedly.com/projects/584320
Webエンジニア,レイルリンク株式会社,WEBエンジニア募集！私たちと一緒に技術力を高めていきませんか？,https://www.wantedly.com/projects/571116
Webエンジニア,レイルリンク株式会社,WEBエンジニア募集中！あなたの技術生かして働いてみませんか？,https://www.wantedly.com/projects/578409
Webエンジニア,レイルリンク株式会社,WEBエンジニア募集！あたなの経験が活かせる環境で、一緒に働きませんか？,https://www.wantedly.com/projects/606362
Webエンジニア,レイルリンク株式会社,WEBエンジニア募集中！あなたの技術が活かせる環境で一緒に働きませんか？,https://www.wantedly.com/projects/578311
Webエンジニア,レイルリンク株式会社,WEBエンジニア募集！あなたのスキルを伸ばせる環境がここにあります！,https://www.wantedly.com/projects/592639
Webエンジニア,レイルリンク株式会社,WEBエンジニア募集中！あなたの技術が活かせる環境で一緒に働きませんか？,https://www.wantedly.com/projects/576053
Webエンジニア,レイルリンク株式会社,開発経験のあるエンジニア！あたなのスキルを更に伸ばしていきませんか？,https://www.wantedly.com/projects/601697
Webエンジニア,レイルリンク株式会社,IT技術が好きなエンジニア募集中！あなたのスキルを伸ばしていきませんか？,https://www.wantedly.com/projects/610808
Webエンジニア,レイルリンク株式会社,PHPエンジニア募集中！完全自社開発・自由な職場環境,https://www.wantedly.com/projects/551232
Webエンジニア,レイルリンク株式会社,WEBエンジニア募集！自主性を尊重！スキルアップできる環境があります！,https://www.wantedly.com/projects/615163
Webエンジニア,レイルリンク株式会社,WEBエンジニア募集！自主性を尊重！更にスキルを伸ばしていきませんか？,https://www.wantedly.com/projects/624299
Webエンジニア,レイルリンク株式会社,IT技術が好きなエンジニア募集！スキルを伸ばせる環境がここにあります！,https://www.wantedly.com/projects/619584
Webエンジニア,レイルリンク株式会社,WEBエンジニア募集！あなたの技術力を伸ばせる環境がここにあります！,https://www.wantedly.com/projects/588678
Webエンジニア,株式会社Soft House Concierge,駅徒歩1分！オシャレタウン吉祥寺でPHPエンジニア経験者を募集！,https://www.wantedly.com/projects/405321
Webエンジニア,株式会社Soft House Concierge,吉祥寺駅から徒歩1分！チーム体制で社内開発したいPHPエンジニア募集,https://www.wantedly.com/projects/592993
PHP,株式会社ココペリ,中小企業の成長支援プラットフォームを構築中！デキるPHPエンジニア募集！,https://www.wantedly.com/projects/205765
PHPエンジニア,株式会社ココペリ,新しい金融サービスを創る！金融機関連携プラットフォーム開発エンジニア募集！,https://www.wantedly.com/projects/273368
PHPエンジニア,株式会社ココペリ,中小企業の成長支援プラットフォームで日本を変えろ！PHPエンジニア大募集中,https://www.wantedly.com/projects/214248
PHP,株式会社ココペリ,中小企業にテクノロジーを届けよう！プラットフォーム開発メンバー募集中！,https://www.wantedly.com/projects/225122
PHP/WEB系エンジニア,株式会社セレス,100％自社内開発！累計会員800万人Webサービスに関わるエンジニア募集,https://www.wantedly.com/projects/492872
PHP/エンジニア,株式会社TechFirst Leaders,Laravel/Vue.jsを用いたPHPエンジニア募集！,https://www.wantedly.com/projects/447020
PHP/エンジニア,株式会社TechFirst Leaders,技術者集団の中でスキルを最大化しよう！PHPエンジニアをWanted!!,https://www.wantedly.com/projects/491145
PHP/エンジニア,株式会社TechFirst Leaders,エンジニアで社内文化を創造していく！PHPエンジニア大募集！！,https://www.wantedly.com/projects/486480
PHP/エンジニア,株式会社TechFirst Leaders,技術者集団の中でスキルを最大化させよう！PHPエンジニアを大募集!!,https://www.wantedly.com/projects/500784
PHP/エンジニア,株式会社TechFirst Leaders,エンジニアを探求しよう！PHPエンジニアをWanted！！,https://www.wantedly.com/projects/494791
PHP/エンジニア,株式会社TechFirst Leaders,エンジニアの成長を科学する企業で活躍したいPHPエンジニアを大募集！,https://www.wantedly.com/projects/477041
PHP/エンジニア,株式会社TechFirst Leaders,エンジニアファーストの会社で組織も作っていくPHPエンジニアを募集！,https://www.wantedly.com/projects/475064
PHP/エンジニア,株式会社TechFirst Leaders,エンジニアによるエンジニアのための企業で働きたいPHPエンジニア大集合！,https://www.wantedly.com/projects/480759
PHP/エンジニア,株式会社TechFirst Leaders,技術力とチーム力で貢献！思いやりにあふれたPHPエンジニアWanted！,https://www.wantedly.com/projects/530205
PHP/エンジニア,株式会社TechFirst Leaders,スタートアップベンチャーの主役になるPHPエンジニアをWanted！,https://www.wantedly.com/projects/518362
PHP/エンジニア,株式会社TechFirst Leaders,ハイレベルな環境で爆速で成長したいPHPエンジニアを大募集!!,https://www.wantedly.com/projects/510229
PHP/エンジニア,株式会社TechFirst Leaders,成長産業でエンジニアとして活躍したいPHPエンジニアをWanted！！,https://www.wantedly.com/projects/484028
PHP/エンジニア,株式会社TechFirst Leaders,技術者集団の中でスキルを最大化！Vue/PHPエンジニアをWanted！,https://www.wantedly.com/projects/560507
PHPプログラマ,株式会社いろはにぽぺと,WEB関連の開発＆WEBシステムエンジニア募集,https://www.wantedly.com/projects/48726
PHP/JSPプログラマ,株式会社いろはにぽぺと,俺が！俺たちがエンジニアだ！！WEBエンジニア募集！,https://www.wantedly.com/projects/106106
PHPエンジニア,ランサーズ株式会社,事業会社のエンジニアになりたい！サーバーサイドエンジニア募集,https://www.wantedly.com/projects/464190
PHPエンジニア,ランサーズ株式会社,未曾有な時代だからこそテクノロジーで働き方を変えたい！PHPエンジニア募集,https://www.wantedly.com/projects/455317
Webエンジニア,Oh my teeth,PHP/Laravel｜テックリード募集！急成長中のヘルステックベンチャー,https://www.wantedly.com/projects/613420
バックエンドエンジニア,株式会社PR TIMES,月間5000万PVのプラットフォーム：バックエンドエンジニア募集！,https://www.wantedly.com/projects/79201
PHPエンジニア,Classi株式会社,学校教育が変われば日本は変わる！PHPエンジニアの仲間を探しています。,https://www.wantedly.com/projects/504490
Webエンジニア,株式会社futurelabo,自社プロダクトを開発したいPHPエンジニアWanted！,https://www.wantedly.com/projects/603873
Webエンジニア,株式会社futurelabo,経験者求む！自社開発のWebサービスに関わりたいWebエンジニア募集！,https://www.wantedly.com/projects/525735
Webエンジニア,株式会社futurelabo,PHPの使用経験のあるWebアプリケーションエンジニア募集,https://www.wantedly.com/projects/474538
Webエンジニア,株式会社futurelabo,Webエンジニア｜ベンチャー企業で一緒に成長していきたい方募集！,https://www.wantedly.com/projects/535968
Webエンジニア,株式会社futurelabo,100％自社内開発！インターンシップサイトのWebエンジニア募集,https://www.wantedly.com/projects/514125
Webエンジニア,株式会社futurelabo,PHP経験者求む！自社サービスのWebアプリケーションエンジニア募集,https://www.wantedly.com/projects/508792
PHPエンジニア,株式会社ドリームオンライン,PHPやJavaを中心・WEBエンジニア募集中！,https://www.wantedly.com/projects/414309
PHP/Javaエンジニア,株式会社ドリームオンライン,経験者募集中！PHPなどWEB開発経験豊富なエンジニアWanted！,https://www.wantedly.com/projects/438867
Webエンジニア,株式会社ドリームオンライン,PHPやJavaを中心に、WEB開発経験豊富なエンジニアWANTED！,https://www.wantedly.com/projects/382437
Webエンジニア,株式会社ドリームオンライン,PHP開発を中心とする、WEBプログラマーWANTED！,https://www.wantedly.com/projects/403965
Webエンジニア,株式会社ドリームオンライン,経験豊富なPHPプログラマーWanted！,https://www.wantedly.com/projects/328153
PHPエンジニア,株式会社ドリームオンライン,経験者募集中！PHPなどWEB開発経験のある方、お話させてください！,https://www.wantedly.com/projects/372641
Webエンジニア,株式会社ドリームオンライン,PHPやJavaを更に極めたいWEBエンジニアWanted！,https://www.wantedly.com/projects/357169
Webエンジニア,株式会社ドリームオンライン,PHPやJavaを中心に、WEB開発に自信のあるエンジニアWANTED！,https://www.wantedly.com/projects/339042
PHPプログラマー,株式会社ドリームオンライン,求む！エンタメから業務アプリ、なんでも挑戦したいPHPプログラマーさん！,https://www.wantedly.com/projects/324582
PHPエンジニア,株式会社ドリームオンライン,広島オフィス勤務・PHP開発に自信のある経験豊富なプログラマーを募集中！,https://www.wantedly.com/projects/391883
PHPエンジニア,株式会社ドリームオンライン,広島オフィス勤務・PHP開発に自信のあるエンジニアさんWANTED！,https://www.wantedly.com/projects/378668
PHPプログラマー,株式会社ドリームオンライン,PHP開発に自信のある、経験豊富なプログラマーを募集中！,https://www.wantedly.com/projects/359896
PHPプログラマー,株式会社ドリームオンライン,PHPやJavaを中心に、幅広くWEB開発をしたいエンジニアWanted！,https://www.wantedly.com/projects/364556
PHPプログラマー,株式会社ドリームオンライン,広島オフィス／PHPやRuby開発にどんどん挑戦したいプログラマー募集中！,https://www.wantedly.com/projects/336231
PHPエンジニア,株式会社ドリームオンライン,優秀なPHPエンジニアさん募集中！,https://www.wantedly.com/projects/324574
PHPプログラマー,株式会社ドリームオンライン,PHPやJavaの開発中心・ プログラマーをWANTED！,https://www.wantedly.com/projects/407488
PHPプログラマー,株式会社ドリームオンライン,マルチに活躍したいPHPプログラマーを探しています,https://www.wantedly.com/projects/351461
Webエンジニア,株式会社ドリームオンライン,PHPやRuby開発経験豊富なエンジニアWanted！,https://www.wantedly.com/projects/336229
Webエンジニア,株式会社オリサンキュ,無限に学び、新しい価値観の世代を創造する！開発を担うWebエンジニア募集！,https://www.wantedly.com/projects/282224
バックエンド開発・PHP/Go,株式会社サマリー,年平均成長率300%以上の急成長スタートアップでバックエンドWANTED,https://www.wantedly.com/projects/559150
バックエンド開発・PHP/Go,株式会社サマリー,"宅配収納サービス""サマリーポケット""で所有のスタイルを進化させませんか？",https://www.wantedly.com/projects/561619
バックエンド開発・PHP/Go,株式会社サマリー,5年連続300％以上成長！今季売上二桁億円を狙うサマリーでバックエンド募集,https://www.wantedly.com/projects/564784
バックエンド開発・PHP/Go,株式会社サマリー,年平均成長率300%以上の急成長スタートアップでバックエンドWANTED,https://www.wantedly.com/projects/612360
バックエンド開発・PHP/Go,株式会社サマリー,5年連続300％以上成長！今季売上二桁億円を狙うサマリーでバックエンド募集,https://www.wantedly.com/projects/274355
バックエンド開発・PHP/Go,株式会社サマリー,年平均成長率300%以上の急成長スタートアップでバックエンドWANTED,https://www.wantedly.com/projects/616009
バックエンド開発・PHP/Go,株式会社サマリー,年平均成長率300%以上の急成長スタートアップでバックエンドWANTED,https://www.wantedly.com/projects/620649
バックエンド開発・PHP/Go,株式会社サマリー,年平均成長率300%以上の急成長スタートアップでバックエンドWANTED,https://www.wantedly.com/projects/624466
PHPエンジニア,株式会社EPARKグルメ,自社開発！テイクアウト・順番待ちシステム開発を担うPHPエンジニアを募集！,https://www.wantedly.com/projects/544647
サーバサイドエンジニア,株式会社あまたす,Webサービスをつくるのが大好きなPHPエンジニア募集！早朝面談可,https://www.wantedly.com/projects/356417
PHPエンジニア,テテマーチ株式会社,Twitterの貢献度を可視化する自社プロダクトの開発エンジニア募集！,https://www.wantedly.com/projects/205445
エンジニア,株式会社TAM,コードで課題を解決する、フロント/バックエンドWEBエンジニア募集！,https://www.wantedly.com/projects/46856
サーバサイドエンジニア,株式会社ビットエー,PHPやGoを極めたい！サーバーサイドエンジニア募集,https://www.wantedly.com/projects/618005
システムエンジニア,株式会社ビットエー,システムエンジニア募集！成長中の企業でサービスを一緒に作り上げませんか,https://www.wantedly.com/projects/286552
バックエンド（php),株式会社ビットエー,優秀なフリーランスの方！大規模・有名企業案件でキャリアアップしませんか？,https://www.wantedly.com/projects/577239
リーダー候補,株式会社ビットエー,自分に合った案件で確実に成長したいリードエンジニア募集PHP/Golang,https://www.wantedly.com/projects/589284
マネージャー候補,株式会社ビットエー,集え、志を高い者達よ。PHP/Golang/Rubyのエンジニア募集！,https://www.wantedly.com/projects/598009
リーダー候補,株式会社ビットエー,PHP/Golang/Ruby｜経験を活かした仕事しませんか？リーダー候補,https://www.wantedly.com/projects/586371
マネージャー候補,株式会社ビットエー,PHP経験者募集！加速度的なスピード成長したいマネージャー候補募集,https://www.wantedly.com/projects/591837
バックエンドエンジニア,株式会社ビットエー,どこで働いてるのかわからない。SES特有の悩みを抱えるPHPエンジニア募集,https://www.wantedly.com/projects/588081
バックエンドエンジニア,株式会社ビットエー,PHP/Golang/Ruby｜やりたいことが選べる職場のエンジニア募集！,https://www.wantedly.com/projects/582398
サーバサイドエンジニア,株式会社ビットエー,令和時代を生き抜く武器を身につけるPHP/Golang/Rubyエンジニア,https://www.wantedly.com/projects/599639
リーダー候補,株式会社ビットエー,上流工程挑戦したいPHPエンジニア募集！リーダー候補,https://www.wantedly.com/projects/581076
リーダー候補,株式会社ビットエー,PHP/Golang経験者募集！プライベートも充実させることができます！,https://www.wantedly.com/projects/598900
マネージャー候補,株式会社ビットエー,エンジニアの希望を重視する会社。PHPエンジニアリンクマネージャー募集！,https://www.wantedly.com/projects/590175
マネージャー候補,株式会社ビットエー,保守業務にとどまらない、設計・構築のフェーズも担えるPHPエンジニア募集,https://www.wantedly.com/projects/594111
マネージャー候補,株式会社ビットエー,技術力でサービスの信頼性を高めるPHPエンジニアリングマネージャー募集！,https://www.wantedly.com/projects/589283
リーダー候補,株式会社ビットエー,技術の力でプロダクトの信頼性を高めるPHP/Golangエンジニア募集！,https://www.wantedly.com/projects/594112
バックエンドエンジニア,株式会社ビットエー,自分の時間を大切にしたいPHPエンジニア募集中！,https://www.wantedly.com/projects/583593
サーバサイドエンジニア,株式会社ビットエー,可能性の限界突破を！新しい挑戦をしたいPHP/Golangエンジニア募集！,https://www.wantedly.com/projects/600317
バックエンドエンジニア,株式会社ビットエー,保守業務にとどまらない、設計・構築のフェーズも担えるPHPエンジニア募集,https://www.wantedly.com/projects/589285
サーバサイドエンジニア,株式会社ビットエー,PHP|上流工程に特化したサーバサイドエンジニア募集！,https://www.wantedly.com/projects/598011
バックエンドエンジニア,株式会社ビットエー,人を大切にする穏やかな環境で、笑顔を生むPHPエンジニアになりませんか？,https://www.wantedly.com/projects/591841
マネージャー候補,株式会社ビットエー,論理・ビジネス思考のエンジニアのPHP/Golang方求む！,https://www.wantedly.com/projects/600315
マネージャー候補,株式会社ビットエー,今がチャンス、マネージャーとしてゴリゴリ活躍したいPHPエンジニア募集,https://www.wantedly.com/projects/599637
リーダー候補,株式会社ビットエー,PHP or Golang経験者！技術を極めたい方募集！リーダー候補,https://www.wantedly.com/projects/588080
マネージャー候補,株式会社ビットエー,PHP/Golangで開発経験をお持ちでサーバサイドを極めたい方を募集！,https://www.wantedly.com/projects/596755
リーダー候補,株式会社ビットエー,これからもインフラを徹底的に極めたい！エンジニア募集 PHP/Golang,https://www.wantedly.com/projects/593354
リーダー候補,株式会社ビットエー,PHP/Golang エンジニアとして設計・開発・運用したい方募集,https://www.wantedly.com/projects/595719
リーダー候補,株式会社ビットエー,エンジニア不足時代！ホワイトな環境でPHPエンジニア募集！,https://www.wantedly.com/projects/598010
マネージャー候補,株式会社ビットエー,PHP/サーバサイドエンジニア募集！大手サイトの設計・構築・運用まで,https://www.wantedly.com/projects/595718
バックエンドエンジニア,株式会社ビットエー,PHP/Golangを使ったモダンな開発環境にチャレンジしませんか？,https://www.wantedly.com/projects/579772
バックエンドエンジニア,株式会社ビットエー,優秀なエンジニア囲まれてバリバリ開発したいPHPエンジニア募集！,https://www.wantedly.com/projects/581672
バックエンドエンジニア,株式会社ビットエー,PHP触れます！大手大規模案件の開発多数！,https://www.wantedly.com/projects/581077
サーバサイドエンジニア,株式会社ビットエー,PHP｜設計・構築・運用までクライアントとつなぐサーバサイドエンジニア募集,https://www.wantedly.com/projects/594113
バックエンドエンジニア,株式会社ビットエー,流行りのアプリ開発より、ずっと必要とされるPHPで開発しませんか？,https://www.wantedly.com/projects/587065
マネージャー候補,株式会社ビットエー,PHP/Golangエンジニア募集！マニュアルにとらわれない働き方できます,https://www.wantedly.com/projects/602325
サーバサイドエンジニア,株式会社ビットエー,技術力を高め、サービスの基盤を支えたいPHP／Golangエンジニア募集！,https://www.wantedly.com/projects/607765
リーダー候補,株式会社ビットエー,WEBサービスの、縁の下の力持ち。PHP/Golangエンジニア募集,https://www.wantedly.com/projects/596736
リーダー候補,株式会社ビットエー,働きやすさと成長。どちらも捨てない働き方をしたいPHPエンジニア,https://www.wantedly.com/projects/608628
サーバサイドエンジニア,株式会社ビットエー,PHP/Golangでエンジニアとしての価値を最大限高めたい人募集！,https://www.wantedly.com/projects/602327
リーダー候補,株式会社ビットエー,人を大切にする穏やかな環境で、笑顔を生むPHPエンジニア募集！,https://www.wantedly.com/projects/600316
リーダー候補,株式会社ビットエー,PHP/Golangで大規模サイトにチャレンジしたいエンジニア募集！,https://www.wantedly.com/projects/599638
リーダー候補,株式会社ビットエー,PHP/Golang経験有りのエンジニア募集｜リーダー候補,https://www.wantedly.com/projects/579771
リーダー候補,株式会社ビットエー,PHPエンジニア志望をWANTED！リーダー候補募集！,https://www.wantedly.com/projects/591839
リーダー候補,株式会社ビットエー,出る杭は引っこ抜く！！市場価値を高めたいphpエンジニア募集！,https://www.wantedly.com/projects/604708
マネージャー候補,株式会社ビットエー,上流工程も担うベンチャーで、設計から運用まで担うphpエンジニア募集！,https://www.wantedly.com/projects/604707
リーダー候補,株式会社ビットエー,成長したい欲が溢れ出ているPHP/Golangエンジニア募集！,https://www.wantedly.com/projects/603916
リーダー候補,株式会社ビットエー,私たちと一緒にビジネスをPHP/Golangで加速させるエンジニアを募集！,https://www.wantedly.com/projects/602326
サーバサイドエンジニア,株式会社ビットエー,もっと自分を大切にしたいPHPエンジニアの方へ。少しお話しませんか？,https://www.wantedly.com/projects/608629
マネージャー候補,株式会社ビットエー,技術力の底上げ！設計・開発・運用を担当するPHPエンジニア募集,https://www.wantedly.com/projects/603914
リーダー候補,株式会社ビットエー,楽しく充実した環境でPHPエンジニアとして働きませんか？,https://www.wantedly.com/projects/609333
サーバサイドエンジニア,株式会社ビットエー,大手からベンチャー企業のサーバサイドを支えるPHPエンジニア募集！,https://www.wantedly.com/projects/607037
サーバサイドエンジニア,株式会社ビットエー,サーバーサイド運用・改善提案業務手掛けるPHP/Golangエンジニア募集,https://www.wantedly.com/projects/605671
マネージャー候補,株式会社ビットエー,設計から運用まで、品質の根幹を担うPHPエンジニア募集,https://www.wantedly.com/projects/593353
マネージャー候補,株式会社ビットエー,PHP/golang/Rubyで開発したいサーバーサイドエンジニアを募集,https://www.wantedly.com/projects/594840
マネージャー候補,株式会社ビットエー,インフラ目線で最高のWEB開発する。PHP／Golangスペシャシスト募集,https://www.wantedly.com/projects/607763
リーダー候補,株式会社ビットエー,直請案件多数・課題解決スキルを高められる、PHP／Golangエンジニア,https://www.wantedly.com/projects/607764
サーバサイドエンジニア,株式会社ビットエー,PHP/Golangエンジニア 社会に役立つ＆必要不可欠なお仕事,https://www.wantedly.com/projects/601233
バックエンドエンジニア,株式会社ビットエー,関東/インフラ領域で更にスキルを磨きたいPHPエンジニア募集,https://www.wantedly.com/projects/586372
サーバサイドエンジニア,株式会社ビットエー,開発スキルと論理的思考が活かせる環境です、phpエンジニア募集！,https://www.wantedly.com/projects/604709
マネージャー候補,株式会社ビットエー,未来のビットエーを牽引するPHP/Golangエンジニア募集！,https://www.wantedly.com/projects/607035
リーダー候補,株式会社ビットエー,基盤を支える！：PHP/Golang/Rubyエンジニア募集！,https://www.wantedly.com/projects/601232
リーダー候補,株式会社ビットエー,効率が良い開発に興味があるPHP/Golangエンジニア募集,https://www.wantedly.com/projects/603101
マネージャー候補,株式会社ビットエー,イノベーション×テクノロジーでビジネスを加速するPHPエンジニア募集,https://www.wantedly.com/projects/608627
リーダー候補,株式会社ビットエー,ビットエーの技術力を高めるリードPHPエンジニア募集！,https://www.wantedly.com/projects/605670
バックエンド（php),株式会社ビットエー,大規模開発案件でスキルアップを目指すPHPエンジニア募集！,https://www.wantedly.com/projects/562034
サーバサイドエンジニア,株式会社ビットエー,PHP/Golang｜開発チームのコアメンバーとなるPHPエンジニア募集！,https://www.wantedly.com/projects/609334
マネージャー候補,株式会社ビットエー,SESの在り方に疑問を感じているPHPエンジニアの方一度お話しませんか？,https://www.wantedly.com/projects/612138
サーバサイドエンジニア,株式会社ビットエー,なんとなく応募OK！企業への貢献感を抜群に感じられるPHPエンジニア,https://www.wantedly.com/projects/610322
バックエンド（php),株式会社ビットエー,エンジニアの地位をあげたい！会社と共に成長していくPHPエンジニア募集！,https://www.wantedly.com/projects/577987
リーダー候補,株式会社ビットエー,PHP/Go/上流の技術も身につけたいサーバサイドエンジニア募集,https://www.wantedly.com/projects/611356
バックエンド（php),株式会社ビットエー,顧客志向の高いメンバーと開発するPHPエンジニア募集！,https://www.wantedly.com/projects/578821
バックエンド（php),株式会社ビットエー,五反田勤務のPHPエンジニア募集。技術のスキルアップが可能です,https://www.wantedly.com/projects/576440
マネージャー候補,株式会社ビットエー,クライアントのプロダクト開発・設計をリードするPHPエンジニア募集！,https://www.wantedly.com/projects/609332
マネージャー候補,株式会社ビットエー,PHP/Golang/Ruby実務経験者！マネージャー候補募集！,https://www.wantedly.com/projects/579770
マネージャー候補,株式会社ビットエー,高い技術力で課題を解決するPHPエンジニア募集！！マネージャー候補募集,https://www.wantedly.com/projects/583591
リーダー候補,株式会社ビットエー,求めているのは頼れる人。仲間に囲まれてPHPエンジニアに募集！リーダー候補,https://www.wantedly.com/projects/587063
マネージャー候補,株式会社ビットエー,マネージャー候補｜PHP使い大募集！クライアントと共により良いサービスを！,https://www.wantedly.com/projects/581075
リーダー候補,株式会社ビットエー,#労働環境を維持しつつ大きな実績を残したいPHP使い募集！リーダー候補,https://www.wantedly.com/projects/584765
マネージャー候補,株式会社ビットエー,PHP/Golang/ユーザーを支える設計、開発、構築、運用エンジニア募集,https://www.wantedly.com/projects/610320
マネージャー候補,株式会社ビットエー,希望プロジェクトに参画し、技術を探求したいPHPエンジニア募集！,https://www.wantedly.com/projects/586370
マネージャー候補,株式会社ビットエー,"echo ""PHP大好きエンジニア募集//働きやすさ抜群！マネージャー候補",https://www.wantedly.com/projects/585569
マネージャー候補,株式会社ビットエー,設計〜構築までクライアントとつなぐPHPエンジニア募集！マネージャー候補,https://www.wantedly.com/projects/588079
マネージャー候補,株式会社ビットエー,PHP + Go案件に関わりたいサーバサイドエンジニア募集,https://www.wantedly.com/projects/611355
リーダー候補,株式会社ビットエー,PHP｜バックエンドエンジニア募集！設計・構築・運用・保守までリーダー候補,https://www.wantedly.com/projects/583612
マネージャー候補,株式会社ビットエー,PHPで開発したいバックエンドエンジニア募集！マネージャー候補,https://www.wantedly.com/projects/587062
バックエンドエンジニア,株式会社ビットエー,PHP/Golang/Rubyどれかにチャレンジしたいエンジニア募集！,https://www.wantedly.com/projects/591005
サーバサイドエンジニア,株式会社ビットエー,php、go、Rubyなんでも書ける理想のフルスタックに！,https://www.wantedly.com/projects/627454
サーバサイドエンジニア,株式会社ビットエー,必要とされるエンジニアになる。PHP/Golang/Rubyエンジニア募集,https://www.wantedly.com/projects/603918
PHPer,株式会社イデアルアーキテクツ,設立6年目に突入し、社員72名！急成長企業で活躍するPHPエンジニア募集！,https://www.wantedly.com/projects/132412
PHPエンジニア,株式会社イデアルアーキテクツ,もっと実力をつけたい！向上心のあるWeb開発エンジニアWanted!!,https://www.wantedly.com/projects/257688
Webエンジニア,株式会社イデアルアーキテクツ,"Python,Ruby,PHP,Java,C++,エンジニアWanted！",https://www.wantedly.com/projects/134940
PHPer,株式会社イデアルアーキテクツ,"""PHP使いWanted!!"" eラーニング英会話スクールシステムの構築",https://www.wantedly.com/projects/88647
PHPer,株式会社イデアルアーキテクツ,PHPスキルを活用して更にキャリアアップ！ペチパーWanted!!,https://www.wantedly.com/projects/151071
PHP使い,株式会社イデアルアーキテクツ,オンライン英会話スクールのシステム構築がしたいPHPer募集！,https://www.wantedly.com/projects/88873
PHPエンジニア,株式会社イデアルアーキテクツ,PHPer募集！オンライン英会話スクールのシステム構築！,https://www.wantedly.com/projects/89569
PHPエンジニア,株式会社イデアルアーキテクツ,楽しく働きたい！お酒好きなPHPエンジニアWanted!!,https://www.wantedly.com/projects/230244
PHPエンジニア,株式会社イデアルアーキテクツ,今までの経験を活かしたい！開発経験のあるPHPエンジニアWanted!!,https://www.wantedly.com/projects/234085
PHPエンジニア,株式会社イデアルアーキテクツ,エンジニア集団の中で実力を発揮したいPHP開発エンジニアWanted!!,https://www.wantedly.com/projects/154085
PHPエンジニア,株式会社イデアルアーキテクツ,英会話eラーニングのシステム構築！PHPエンジニアWanted！,https://www.wantedly.com/projects/89943
PHPエンジニア,株式会社イデアルアーキテクツ,PHPは任せろ！エンジニア集団の中核となるリーダー候補Wanted!!,https://www.wantedly.com/projects/123713
PHPエンジニア,株式会社イデアルアーキテクツ,大阪勤務！英会話eラーニングシステム構築のPHPエンジニアWanted！,https://www.wantedly.com/projects/621071
PHPエンジニア,株式会社イデアルアーキテクツ,お酒に強いPHPエンジニア募集！飲み会で開発言語が飛び交う会社です。,https://www.wantedly.com/projects/89228
PHPエンジニア,株式会社イデアルアーキテクツ,名古屋勤務！英会話eラーニングシステム構築のPHPエンジニアWanted！,https://www.wantedly.com/projects/621073
PHPエンジニア,株式会社LINK,アナログな介護業界にデジタル革命を起こす！PHPエンジニアを募集！,https://www.wantedly.com/projects/610973
PHPエンジニア,株式会社LINK,アナログな介護業界にデジタル革命を！PHPエンジニアを募集！,https://www.wantedly.com/projects/471619
PHPエンジニア,株式会社LINK,アナログな介護業界にデジタル革命を！PHPエンジニアを大募集中♪,https://www.wantedly.com/projects/588930
Webエンジニア,楽天グループ株式会社（キャリア採用）,楽天株式会社 EC事業にてエンジニア各種を募集しています！,https://www.wantedly.com/projects/499640
PHPエンジニア,株式会社ユーティル,CTO直下のPHPエンジニア！開発だけでなく企画から携われる環境です！,https://www.wantedly.com/projects/595160
PHPエンジニア,株式会社ユニラボ,受発注SaaSベンチャーで、上流から関わりたいPHPエンジニア募集！,https://www.wantedly.com/projects/554649
PHPエンジニア,株式会社ユニラボ,新領域SaaSベンチャー！上流から関わりたいエンジニアリーダー募集！,https://www.wantedly.com/projects/564312
Webエンジニア,株式会社シンクエイト,世界トップレベルの開発を目指しているWebエンジニア募集Java PHP,https://www.wantedly.com/projects/610932
Javaスペシャリスト募集,株式会社シンクエイト,世界中の開発案件を通して自己成長を目指している人、話しませんか？,https://www.wantedly.com/projects/617696
PHPサーバーサイドエンジニア,スパイラルセンス株式会社,ゲーム・アプリ開発の縁の下の力持ち！PHPサーバーサイドエンジニアを大募集,https://www.wantedly.com/projects/593738
PHPエンジニア,Chatwork株式会社,世界の働き方を変える、PHPリードエンジニア募集！,https://www.wantedly.com/projects/455838
キャリア採用／バックエンド,株式会社Wiz,PHP｜自社開発グロースハックがミッション！バックエンドのリードエンジニア,https://www.wantedly.com/projects/550936
サーバサイドエンジニア,Radiotalk株式会社,働き方自由！音声配信サービスの新機能開発・改善を担うPHPエンジニア募集！,https://www.wantedly.com/projects/576495
WEBエンジニア,ハイディメンション株式会社,Webエンジニア募集！！エンジニアファーストな会社です！,https://www.wantedly.com/projects/559118
Javaエンジニア,ハイディメンション株式会社,Javaエンジニア募集！自由なキャリアパスを描けます！,https://www.wantedly.com/projects/472523
WEBエンジニア,ハイディメンション株式会社,未来のデファクトスタンダード技術を身につけよう！WEBエンジニア募集！,https://www.wantedly.com/projects/410766
WEBエンジニア,ハイディメンション株式会社,未来のデファクトスタンダード技術を身につけよう！WEBエンジニア募集！,https://www.wantedly.com/projects/419642
WEBエンジニア,ハイディメンション株式会社,デファクトスタンダードな技術を身につけよう！WEBエンジニア募集！,https://www.wantedly.com/projects/505059
WEBエンジニア,ハイディメンション株式会社,いつでも先端技術を追ってます！WEB技術大好きなエンジニア募集！,https://www.wantedly.com/projects/400740
WEBエンジニア,ハイディメンション株式会社,いつでも先端技術を追ってます！WEB技術大好きなエンジニア募集！,https://www.wantedly.com/projects/402510
WEBエンジニア,ハイディメンション株式会社,デファクトスタンダードな技術を身につけよう！WEBエンジニア募集！,https://www.wantedly.com/projects/450079
WEBエンジニア,ハイディメンション株式会社,デファクトスタンダードな技術を身につけよう！WEBエンジニア募集！,https://www.wantedly.com/projects/470839
WEBエンジニア,ハイディメンション株式会社,デファクトスタンダードな技術を身につけよう！WEBエンジニア募集！,https://www.wantedly.com/projects/476172
WEBエンジニア,ハイディメンション株式会社,デファクトスタンダードな技術を身につけよう！WEBエンジニア募集！,https://www.wantedly.com/projects/490746
WEBエンジニア,ハイディメンション株式会社,デファクトスタンダードな技術を身につけよう！WEBエンジニア募集！,https://www.wantedly.com/projects/482296
Javaエンジニア,ハイディメンション株式会社,Javaエンジニア募集！自由なキャリアパスを描けます！,https://www.wantedly.com/projects/83334
Javaエンジニア,ハイディメンション株式会社,Java・PHPエンジニア募集！スペシャリストを目指そう！,https://www.wantedly.com/projects/484993
サーバーサイドエンジニア,株式会社マイナビ,新規サービスのシステム開発を手掛けるPHPエンジニアをWANTED！！,https://www.wantedly.com/projects/617125
PHPでの開発経験が活きる！,株式会社マイナビ,大規模から立ち上げまで様々展開！内製環境で自社サービスの企画設計・開発担当,https://www.wantedly.com/projects/603470
リモート/PHP,株式会社リザーブリンク,エンジニア募集|自立した大人ベンチャー第二創業期に携われるチャンス!,https://www.wantedly.com/projects/604113
リモート/PHP,株式会社リザーブリンク,SI→Webへ転進したい方歓迎！自立した大人ベンチャーで働いてみませんか？,https://www.wantedly.com/projects/594284
リモート/PHP,株式会社リザーブリンク,エンジニア募集|自立した大人ベンチャー第二創業期に携われるチャンス!,https://www.wantedly.com/projects/627821
リモート/Webエンジニア,株式会社リザーブリンク,PHPに関わる様々なフレームワークを利用できる！Webエンジニア募集！,https://www.wantedly.com/projects/498957
Webエンジニア,AnyMind Group,グローバルD2C事業におけるPHP・WEBエンジニアWANTED！,https://www.wantedly.com/projects/476258
PHPエンジニア,株式会社whitecanvas,人材不足に困っています。即戦力エンジニア大募集！,https://www.wantedly.com/projects/609075
PHPエンジニア,株式会社whitecanvas,大手企業の事業開発に挑戦したいWebエンジニア！,https://www.wantedly.com/projects/575439
PHPエンジニア,株式会社whitecanvas,開発チームを牽引できるPHPエンジニア募集！テックリードやマネジメントも！,https://www.wantedly.com/projects/609039
PHPサーバエンジニア,バルール株式会社,Laravel開発チームの募集です！,https://www.wantedly.com/projects/364522
PHP エンジニア,株式会社オムニサイエンス,PHP & Python スキルが超貴重な世界で活躍してみませんか？,https://www.wantedly.com/projects/535394
IBM i エンジニア,株式会社オムニサイエンス,悩める若手・中堅 RPG / IBM i 技術者を募集！,https://www.wantedly.com/projects/539913
Delphi+PHPエンジニア,株式会社オムニサイエンス,Delphi経験者でオープンソースに技術転換したい技術者を募集！,https://www.wantedly.com/projects/539883
エンジニア,株式会社ＪＣＧ,PHP＆モダン技術でオンライン大会を更に面白く。即戦力テックリード募集,https://www.wantedly.com/projects/466894
ソフトウェアエンジニア,株式会社リブセンス,ソフトウェアエンジニア: マッハバイトのプロダクト開発,https://www.wantedly.com/projects/602168
ソフトウェアエンジニア,株式会社リブセンス,テックリード: 転職ナビの技術戦略を牽引する,https://www.wantedly.com/projects/602175
ソフトウェアエンジニア,株式会社リブセンス,ソフトウェアエンジニア: 転職ナビのプロダクト開発,https://www.wantedly.com/projects/602160
ソフトウェアエンジニア,株式会社リブセンス,"スマートフォンアプリエンジニア: Swift,Kotlinでプロダクト開発",https://www.wantedly.com/projects/506423
ソフトウェアエンジニア,株式会社リブセンス,"ソフトウェアエンジニア,バックエンド: 社会的価値のあるプロダクトを育てる",https://www.wantedly.com/projects/212507
PHPによる自社サービス開発,株式会社ミライユ,PHPエッセンシャルワーカーの人材サービス成長させるエンジニアを募集！,https://www.wantedly.com/projects/625683
サーバーサイド/PHP,アルサーガパートナーズ株式会社,ミスを否定しない人材教育だから急成長できる！IT愛のあるエンジニア募集中,https://www.wantedly.com/projects/583538
サーバサイドエンジニア/PHP,アルサーガパートナーズ株式会社,経験者優遇！PM・PLとして活躍できるサーバーサイドエンジニア,https://www.wantedly.com/projects/612850
サーバーサイド/PHP,アルサーガパートナーズ株式会社,急成長企業で圧倒的な実力が身につけられる！サーバーサイドエンジニア！,https://www.wantedly.com/projects/624838
サーバサイドエンジニア/PHP,アルサーガパートナーズ株式会社,9割がエンジニアの会社で最高品質の提供を！サーバーサイドエンジニア募集！,https://www.wantedly.com/projects/627799
"PHP,,ASP.NET",スプレッドシステムズ株式会社,"自社サブスク事業の運用に関わりたいPHP,ASP.NETエンジニアを募集",https://www.wantedly.com/projects/488932
バックエンドエンジニア,株式会社マーケライズ,完全独自開発のバックエンドエンジニア php/python/aws 募集！,https://www.wantedly.com/projects/622892
エンジニア、プログラマー、SE,株式会社Nextat,PHP・Laravelと興味のある新しい技術で開発したいエンジニア募集！,https://www.wantedly.com/projects/345272
バックエンドエンジニア,株式会社Nextat,東京オフィスを盛り上げてくれるPHP・Laravelに強いエンジニア募集！,https://www.wantedly.com/projects/371978
エンジニア、プログラマー、ＳＥ,株式会社Nextat,新しい技術を習得しスキルアップしていきたいWebエンジニアを募集！,https://www.wantedly.com/projects/344417
バックエンドエンジニア,株式会社ワンノブアカインド,100％自社内！サービスのグロースを担うPHPエンジニア募集！,https://www.wantedly.com/projects/541021
バックエンドエンジニア,株式会社ワンノブアカインド,自社サービスグロースハック、PHPのWebエンジニア募集！,https://www.wantedly.com/projects/541199
PHPエンジニア,株式会社オークファン,在庫ロスをテクノロジーの力で解決する!!PHPエンジニアWanted!!,https://www.wantedly.com/projects/597510
サーバーサイドエンジニア,コネヒト株式会社,家族の未来をつくり、社会を支えるサーバーサイドエンジニア募集！,https://www.wantedly.com/projects/605411
Webエンジニア,日本ビジネスアート,スキルを活かして企業のコミュニケーション課題に挑むPHPエンジニア募集！,https://www.wantedly.com/projects/584069
Webエンジニア,ミクステンド株式会社,開発力で事業を加速させるLaravelエンジニアを募集！,https://www.wantedly.com/projects/592335
Webエンジニア,ミクステンド株式会社,企画、設計から開発までお任せできるLaravelエンジニア募集！,https://www.wantedly.com/projects/602189
サーバサイドエンジニア,株式会社フェルマー,100万商品を取り扱う輸入越境ECのPython&PHPエンジニア募集！,https://www.wantedly.com/projects/42750
PHPエンジニア,株式会社マーケットエンタープライズ,IT×リアル領域で市場にインパクトを与えるPHPエンジニアを募集！,https://www.wantedly.com/projects/616591
バックエンドエンジニア,株式会社UPBOND,顧客のDB、ID問題を解決する、PHP、Javaエンジニア,https://www.wantedly.com/projects/509837
PHPエンジニア,株式会社VERVE,PHPからLaravelまでまたにかけて開発できる、エンジニア職！,https://www.wantedly.com/projects/383403
PHPエンジニア,株式会社VERVE,リーダー経験を歓迎。スキルを活かしたいプロジェクトリーダーをwanted！,https://www.wantedly.com/projects/358225
PHPエンジニア,株式会社VERVE,開発経験は活かしたいし、マネジメントでキャリアアップもしたいエンジニア！,https://www.wantedly.com/projects/377339
PHPエンジニア,株式会社VERVE,社長自身もエンジニア出身！PHP開発経験活かして着実にキャリアアップ！,https://www.wantedly.com/projects/387256
PHPエンジニア,株式会社VERVE,Laravelでの開発経験を大歓迎。自社内開発でエンジニアをWanted！,https://www.wantedly.com/projects/373930
PHPエンジニア,株式会社VERVE,自社内開発１００％のPHPエンジニア/恵比寿/社長もエンジニア！,https://www.wantedly.com/projects/365654
PHPエンジニア,株式会社VERVE,新規事業開発をお任せ！少人数チームワークを楽しめるPHPエンジニア募集！,https://www.wantedly.com/projects/377940
PHPエンジニア,株式会社VERVE,自社内でのPHP開発を夢見ていた、プロジェクトリーダーをwanted！,https://www.wantedly.com/projects/362922
PHPエンジニア,株式会社VERVE,自社開発/渋谷/最新技術のサービスを希望している、PHPエンジニア！,https://www.wantedly.com/projects/371282
PHPエンジニア,株式会社VERVE,Laravelでの開発経験を大歓迎。自社内開発でエンジニアをWanted！,https://www.wantedly.com/projects/346601
PHPエンジニア,株式会社VERVE,派遣で鍛えたPHPを自社開発で活かしたいプロジェクトリーダーをwanted,https://www.wantedly.com/projects/360704
PHPエンジニア,株式会社VERVE,自社開発100%でスキルアップ。プロジェクトリーダーをwanted！,https://www.wantedly.com/projects/368824
バックエンドエンジニア PHP,ナレッジ・マーチャントワークス株式会社,店舗運営を支えるサービスのバックエンドエンジニアを大募集だ！ PHP,https://www.wantedly.com/projects/375951
バックエンドエンジニア PHP,ナレッジ・マーチャントワークス株式会社,多機能アプリの基盤を構築し事業を加速するバックエンドエンジニアを大募集！,https://www.wantedly.com/projects/549770
バックエンドエンジニア PHP,ナレッジ・マーチャントワークス株式会社,店舗で働く人をTechで支える！企画・マネジメントにも携わるエンジニア募集,https://www.wantedly.com/projects/412568
バックエンドエンジニア PHP,ナレッジ・マーチャントワークス株式会社,企画・要件定義・設計にも携われるリーダーポジションを見据えたバックエンド！,https://www.wantedly.com/projects/557325
Webエンジニア（PHP）,アイ・ティ・リアライズ株式会社,金融知識は不問｜Fintech業界に興味があるWebエンジニア募集,https://www.wantedly.com/projects/544990
Backendengineer,ウェルスパーク株式会社,Backend Engineer ：PHP + Go,https://www.wantedly.com/projects/609464
Word Pressエンジニア,株式会社メディア工房,WordPress・PHPの開発エンジニア募集！当社メディアの運営をお任せ,https://www.wantedly.com/projects/559693
WEB/Flutter開発,株式会社ノーススター,医療・ヘルスケア自社プロダクト開発のエンジニア初期メンバー募集！,https://www.wantedly.com/projects/620084
WEB/Flutter開発,株式会社ノーススター,医療・ヘルスケア自社プロダクト開発のエンジニア初期メンバー募集！,https://www.wantedly.com/projects/617636
WEB/Flutter開発,株式会社ノーススター,医療・ヘルスケア自社プロダクト開発のエンジニア初期メンバー募集！,https://www.wantedly.com/projects/615720
サーバサイドエンジニア,株式会社イノベーションプラス,PHP経験者を大募集！テクノロジーの力で世の中の課題を解決しませんか？,https://www.wantedly.com/projects/596946
LAMP環境開発,株式会社インプレイ,国内最大級のコンテンツを進化させるPHPエンジニア募集！,https://www.wantedly.com/projects/559616
サーバーサイドエンジニア,株式会社アーキベース,PHP/phython/Node.jsなど得意な方Rubyに挑戦しませんか,https://www.wantedly.com/projects/615470
バックエンドエンジニア,株式会社イデア・レコード,導入店舗6000店越え！一気通貫型システムのPHP開発コアエンジニア募集！,https://www.wantedly.com/projects/622171
Webエンジニア,株式会社ちょびリッチ,自社サービスのシステムを刷新！Ruby/PHPエンジニア募集！,https://www.wantedly.com/projects/622380
Fitntech/PHP,株式会社efit,AI投資サービスのスタートアップで、腕に自信のあるエンジニア大募集！,https://www.wantedly.com/projects/615541
PHP バックエンド 開発,株式会社FAM,スキルを生かして次のステップに挑戦したいサーバーサイドエンジニアを募集！,https://www.wantedly.com/projects/462841
Ruby、PHPエンジニア,株式会社キャリアブリッジ,誰もが輝ける社会を一緒に作りたい、Ruby/PHPエンジニアを募集します！,https://www.wantedly.com/projects/613838
サーバーサイドエンジニア,インテリジェントネット株式会社,カルチャーフィットを重視するWebエンジニアを募集します,https://www.wantedly.com/projects/24619
システムエンジニア,アクロスロード株式会社,目指しているのはフルスタックエンジニアです！,https://www.wantedly.com/projects/213423
Webエンジニア,アクロスロード株式会社,Webエンジニア！Javaでバリバリやりたい！チームワークも大切にしたい！,https://www.wantedly.com/projects/288448
"Java,AWS,サーバサイド",アクロスロード株式会社,JavaでバリバリやりたいWebエンジニア！もっとステップアップしたい！！,https://www.wantedly.com/projects/394792
Webエンジニア,株式会社Knocknote,"vue3,React,Tsやlaravelで開発！自由な物づくりが好きな方",https://www.wantedly.com/projects/563299
Webエンジニア,株式会社Knocknote,仲間と共に成長したい、熱意を持って仕事がしたい方を探しています。,https://www.wantedly.com/projects/571552
Webエンジニア,株式会社Knocknote,未経験でも大丈夫！自由で楽しいことが大好きな人、ものづくりが大好きな人,https://www.wantedly.com/projects/113627
Webエンジニア,株式会社Knocknote,成長すること、目標達成が好きな方を募集しています,https://www.wantedly.com/projects/592393
ﾌﾟﾛﾀﾞｸﾄ開発ｴﾝｼﾞﾆｱ,株式会社サンブリッジ,開発に集中できる環境｜自社のSaaSプロダクト開発エンジニアWanted!,https://www.wantedly.com/projects/537095
PHPエンジニア,グルーヴ・ギア株式会社,Java→PHPへのスキルチェンジしたい方いませんか？,https://www.wantedly.com/projects/292658
プログラマー,トリヒコ株式会社,新しいセキュリティサービスをイチから育ててくれるエンジニア募集,https://www.wantedly.com/projects/331970
バックエンド開発,株式会社IoTBank,"PHP,Laravel経験者募集!一緒にIoT自社製品を開発しませんか!?",https://www.wantedly.com/projects/591372
Webエンジニア,株式会社クラビス,日本の会計シーンを変えるWeb開発エンジニア募集！,https://www.wantedly.com/projects/569343
サーバーサイドエンジニア,株式会社クラビス,"マネーフォワードグループの""AI×会計×グローバル""サービスのエンジニア",https://www.wantedly.com/projects/347327
サーバーサイドエンジニア,株式会社クラビス,"AIチームと連携し、""紙のデータ化""の速度を上げるサーバーサイドエンジニア",https://www.wantedly.com/projects/388722
web designer,株式会社オンデーズ,WEBデザインで全国のOWNDAYSに影響を与えてみませんか！,https://www.wantedly.com/projects/16865
PHPエンジニア,株式会社GameWith,柔軟な働き方が可能なGameWithのPHPエンジニアを募集中！,https://www.wantedly.com/projects/555477
"エンジニア,PHP,Java",株式会社ディマージシェア,JavaやPHPを使った自社開発に興味ありませんか？興味ある人Wanted,https://www.wantedly.com/projects/566647
"エンジニア,PHP,Java",株式会社ディマージシェア,大手企業も導入している広告マーケティング製品を作成したいエンジニア募集！！,https://www.wantedly.com/projects/570647
"エンジニア,PHP,Java",株式会社ディマージシェア,クラウド製品開発！お客様の課題を解決したいエンジニアWanted！,https://www.wantedly.com/projects/550638
"エンジニア,PHP,Java",株式会社ディマージシェア,自社製品開発！企業の成長をアドテクノロジーで支援するエンジニアを募集！,https://www.wantedly.com/projects/535339
"エンジニア,PHP,Java",株式会社ディマージシェア,その開発経験、当社で活かしてみませんか？Java、PHPエンジニア募集！！,https://www.wantedly.com/projects/563267
Webエンジニア,株式会社テコテック,大きな裁量でキャッシュレスシステムを開発するテックリード/PHP,https://www.wantedly.com/projects/563280
Webエンジニア,株式会社テコテック,toC向けエンタメコンテンツの開発リーダー　PHP/Java経験者歓迎,https://www.wantedly.com/projects/563285
リードエンジニア,株式会社ラクス,国内トップクラスシェアの自社プロダクト開発におけるリードエンジニアを募集！,https://www.wantedly.com/projects/542792
WEBエンジニア,エムスリーデジタルコミュニケーションズ株式会社,"WEBｴﾝｼﾞﾆｱ HTML5, PHP, Java, AWS, HLS",https://www.wantedly.com/projects/73894
独学 第二新卒 未経験OK,株式会社LIKSON,スキル０歓迎！教育と実践を通じPHPエンジニアとして成長したい人を募集！,https://www.wantedly.com/projects/606686
PHP開発エンジニア,株式会社アイ・エフ・クリエイト,誇りと愛着を持てる自社システムの開発！PHPエンジニアをWANTED！,https://www.wantedly.com/projects/322749
自社システム開発エンジニア,株式会社アイ・エフ・クリエイト,PHPを中心とした自社システムの開発に関わるエンジニアさん募集中！,https://www.wantedly.com/projects/422999
Webエンジニア,株式会社アイ・エフ・クリエイト,新しい保険募集インフラを構築するPHPエンジニアをWANTED！,https://www.wantedly.com/projects/313609
PHPエンジニア,株式会社アイ・エフ・クリエイト,PHP/Laravel エンジニア求ム！自社サービスのシステム開発,https://www.wantedly.com/projects/511486
Webエンジニア,株式会社ＧＥＥＸ,ディレクター希望の方へ！WordPress/PHPが得意なエンジニア募集！,https://www.wantedly.com/projects/583192
PHPエンジニア,株式会社ＥＤＵＣＯＭ,教育の未来にICTで革新を！新規サービスのPHPエンジニア大募集,https://www.wantedly.com/projects/519415
フルスタック・エンジニア,株式会社ストランザ,PHP→Go　jQuery→React このPJにチャレンジする人集まれ！,https://www.wantedly.com/projects/392988
エンジニア,株式会社ストランザ,PHPを得意とするサーバーサイドのエンジニア募集！！,https://www.wantedly.com/projects/392984
Goエンジニア,GMOメイクショップ株式会社,Go／AWSを使ったSaaS型 ECシステムのWebエンジニアを募集！,https://www.wantedly.com/projects/621504
システムエンジニア,SUNITED株式会社,プロダクト開発内製化に伴いエンジニア募集！,https://www.wantedly.com/projects/626219
phpエンジニア,株式会社ジョイワークス,「ありきたりではないあなたに•••！」よく効きます。,https://www.wantedly.com/projects/184327
サーバーサイドエンジニア,株式会社SP,様々な技術に触れて成長したいサーバサイドエンジニア大歓迎！,https://www.wantedly.com/projects/398080
サーバーサイドエンジニア,株式会社SP,様々な技術に触れて成長したいサーバサイドエンジニア大歓迎！,https://www.wantedly.com/projects/394688
サーバーサイドエンジニア,株式会社SP,お客様の基幹事業を支えるサーバサイドエンジニア大歓迎！,https://www.wantedly.com/projects/415865
開発リーダー候補,株式会社スカイアーク,顧客のコミュニケーション課題を解決するWebエンジニア・開発リーダー候補！,https://www.wantedly.com/projects/445806
自社プロダクト開発,株式会社スカイアーク,顧客の声を直接聞きながら自社プロダクト開発に挑戦したいWebエンジニア！,https://www.wantedly.com/projects/457848
リードエンジニア,株式会社FABRIC TOKYO,プロダクトファーストな考え方で、開発をリードしてくれるエンジニアを募集！,https://www.wantedly.com/projects/431634
フリーランス,株式会社エイト,web開発！フリーランスエンジニアの募集,https://www.wantedly.com/projects/531736
PHPエンジニア,株式会社ＰＫＢソリューション,自ら作成するキャンペーンシステムが街中に告知されるのを見たいエンジニア募集,https://www.wantedly.com/projects/549028
ECサイト開発,アルテミス株式会社,これからECサイト開発のプロになりたい！というエンジニア募集中,https://www.wantedly.com/projects/560778
PHPエンジニア/リモート,株式会社テイラーワークス,地方創生の新しい仕組みづくり｜全国各地からフルスタックエンジニアを募集！,https://www.wantedly.com/projects/627204
バックエンドエンジニア,株式会社ダンドリワークス,CakePHP/Javaの経験3年以上！建築現場の施工管理アプリのBE,https://www.wantedly.com/projects/628564
バックエンドエンジニア,株式会社もしも,"echo ""PHP大好きバックエンドエンジニア募集"";　//働きやすさ抜群",https://www.wantedly.com/projects/557701
バックエンドエンジニア,株式会社もしも,PHP｜働き方が選べる自社サービスのバックエンドエンジニア募集！,https://www.wantedly.com/projects/556208
Webエンジニア,オルターボ株式会社,ゲーム開発にチャレンジしたい｜技術力を高めたいゲーム好きエンジニア募集！,https://www.wantedly.com/projects/619250
システムエンジニア,株式会社SoLabo,PHP / CakePHPを利用しMVCアーキテクチャで機能開発して欲しい,https://www.wantedly.com/projects/590672
Webエンジニア,株式会社SAKURUG,Webエンジニア大募集！理想のキャリアを一緒に目指しましょう！,https://www.wantedly.com/projects/98582
Webエンジニア,株式会社コネクト,自由に面白いことがやりたいエンジニア募集,https://www.wantedly.com/projects/122941
Webエンジニア,株式会社スーパーソフトウエア,テクノロジーで課題解決するサーバサイドエンジニア募集！,https://www.wantedly.com/projects/282370
Webエンジニア,デザインフェスタ有限会社,アーティストと鑑賞者をつなげる。あなたのスキルが大規模アートイベントで活躍,https://www.wantedly.com/projects/169632
Webエンジニア,デザインフェスタ有限会社,アーティストと鑑賞者を繋ぐ。あなたのスキルが大規模アートイベントで活躍！,https://www.wantedly.com/projects/553154
マークアップエンジニア,株式会社ランドネット,不動産テック企業でオウンドメディアを構築したいエンジニア募集！,https://www.wantedly.com/projects/431831
フルスタックエンジニア,株式会社ヘッドウォータース,異業種からキャリアチェンジし新たにエンジニアに挑戦しようと考える方募集！,https://www.wantedly.com/projects/613097
興味関心が強いエンジニア,株式会社フォアフロントサービス,PHP、Pythonなどやりたい言語に熱中しませんか？,https://www.wantedly.com/projects/456611
Webエンジニア,株式会社システムシェアード,プロジェクトの要へ！ITコミュニケーションコンサルタントWanted！,https://www.wantedly.com/projects/93054
ECカスタマイズ,株式会社ジュエリー工房Orefice,ジュエリー好きなプログラマーと出会いたい！ネットで買えない理由は？,https://www.wantedly.com/projects/626383
"PHP,ASP.NET",株式会社インフォネット,サブスクリプション事業での経験を積みたいシステムエンジニア募集！,https://www.wantedly.com/projects/582124
Webエンジニア,株式会社ＪＶ,新規Webサービスの立ち上げ。企画段階から携わりたいエンジニアを募集。,https://www.wantedly.com/projects/627661
システムエンジニア,オーシャン・アンド・パートナーズ株式会社,100%カスタマーダイレクト、リモート開発スタイル。エンジニア募集！,https://www.wantedly.com/projects/628548
PHPエンジニア,アジアクエスト株式会社,責任感のある人が活躍しています！PHPエンジニア募集！,https://www.wantedly.com/projects/399308
SE,アジアクエスト株式会社,ワークライフバランスを大切にしたいSE募集！,https://www.wantedly.com/projects/433555
PHPプログラマー,株式会社デジタル・デザイナーズ・スタジオ,PHP高難度受託案件多数　一緒に成長しませんか？　ポジション空いてます！,https://www.wantedly.com/projects/593964
PHPプログラマー,株式会社デジタル・デザイナーズ・スタジオ,大手顧客多数のWEBシステム開発会社です！多業種で制限もありません！,https://www.wantedly.com/projects/590084
PHPプログラマー,株式会社デジタル・デザイナーズ・スタジオ,企画・要件定義　開発　導入　運用保守　まで全て自社で請け負っています！,https://www.wantedly.com/projects/599866
PHPプログラマー,株式会社デジタル・デザイナーズ・スタジオ,PHP技術者が集まりません！！助けて下さい！！,https://www.wantedly.com/projects/582349
Webエンジニア,株式会社フジボウル,まじめな人、コツコツと仕事ができる人が、評価される会社です,https://www.wantedly.com/projects/504658
プログラマ,株式会社フジボウル,Scratchプログラマ募集 ！先輩社員が丁寧にお教えします,https://www.wantedly.com/projects/581329
Webエンジニア,株式会社フジボウル,長く一緒に仕事ができる方に来ていただきたいです,https://www.wantedly.com/projects/541078
Webエンジニア,株式会社フジボウル,まじめな人、誠実な人を募集しています,https://www.wantedly.com/projects/552543
PHPエンジニア,株式会社PPFパートナーズ,平均年齢33才ベンチャーが東京でPHPエンジニア大募集！経験者歓迎,https://www.wantedly.com/projects/490949
バックエンドエンジニア,株式会社ライトコード,東京/モダンな開発が出来る環境！WEB系バックエンドエンジニア大募集！,https://www.wantedly.com/projects/624048
バックエンドエンジニア,株式会社ライトコード,東京｜BtoC向けWEBシステム開発のバックエンドエンジニア募集！,https://www.wantedly.com/projects/628371
サーバーサイドエンジニア,弁護士ドットコム株式会社,弁護士ドットコムのサービス改善とDX向上を目指す！攻めのPHPエンジニア,https://www.wantedly.com/projects/557216
Java／PHP／中途採用,株式会社リック,最短最速で自分軸を作る！本当の開発を体感したい駆け出しエンジニアさん募集！,https://www.wantedly.com/projects/402399
Webエンジニア,ワークスアイディ株式会社（旧：キューアンドエーワークス株式会社）,クライアントは有名・大手企業！世の中に影響を与えたいエンジニアWanted,https://www.wantedly.com/projects/603329
