Railsエンジニア,株式会社Samurai,<未経験者も歓迎>RailsでFintechアプリを開発したい人募集!,https://www.wantedly.com/projects/156440
Webエンジニア,株式会社Samurai,起業志望歓迎！社長の下でリアルなスタートアップを学びたいエンジニア募集,https://www.wantedly.com/projects/84683
Webエンジニア,株式会社Samurai,一ヶ月でRubyistに進化！Fintech領域で働きたいエンジニア募集,https://www.wantedly.com/projects/92993
Webエンジニア,株式会社Samurai,ハイブリッドアプリから、サーバーサイドまでとにかくPGが好きな人集合,https://www.wantedly.com/projects/84582
Webエンジニア,株式会社Samurai,一ヶ月でRubyistに進化せよ！やる気全開エンジニア募集！,https://www.wantedly.com/projects/86419
Rubyエンジニア,株式会社Samurai,<ストックオプションあり>Fintechサービスを開発するエンジニア募集！,https://www.wantedly.com/projects/88846
Webエンジニア,株式会社Samurai,Fintech領域で前人未踏に働きたいRailsエンジニア募集！,https://www.wantedly.com/projects/91101
Webエンジニア,株式会社Samurai,自社O2OのASP製品を一緒に開発してくれるRailsエンジニアを募集！,https://www.wantedly.com/projects/5804
Railsエンジニア,株式会社Samurai,<未経験者歓迎>1ヶ月でRubyistに進化せよ！エンジニア挑戦者募集,https://www.wantedly.com/projects/115699
Railsエンジニア,株式会社Samurai,Ruby未経験可！1ヶ月でRubyistに進化せよ！サーバーエンジニア募集,https://www.wantedly.com/projects/105511
Railsエンジニア,株式会社SIMULA Labs,スタートアップ企業で爆速成長したいRailsエンジニア募集！！,https://www.wantedly.com/projects/588352
Railsエンジニア,株式会社SIMULA Labs,最新技術を使った自社サービスの開発に携わっていきたいバックエンドエンジニア,https://www.wantedly.com/projects/601967
Rails/Vueエンジニア,ホンシェルジュ,本好きのエンジニア募集！アプリorメディアの開発で、出版業界に改善の一手を,https://www.wantedly.com/projects/603789
サーバーサイドエンジニア,株式会社Another works,Railsエンジニア/創業メンバーのエンジニアとして働きませんか？,https://www.wantedly.com/projects/615708
Railsエンジニア,SELF株式会社,SaaS×コミュニケーションAIサービスのRailsエンジニア募集,https://www.wantedly.com/projects/586888
Railsエンジニア,株式会社SARAH,もっと書きたい！作りたい！くすぶってるRailsエンジニア募集！,https://www.wantedly.com/projects/282424
Railsエンジニア,株式会社SARAH,経験豊富なエンジニアと一緒に開発できる。スキルも成長させたいエンジニア募集,https://www.wantedly.com/projects/386804
Railsエンジニア,株式会社SARAH,Railsエンジニアの創業メンバーとしてSARAHに参画しませんか？,https://www.wantedly.com/projects/379948
Railsエンジニア,株式会社High Link,昨対比11 倍成長！香りのサブスクサービスのRailsエンジニア募集！,https://www.wantedly.com/projects/586258
バックエンド,株式会社トリドリ,#Ruby on Railsを使いこなせる！自社開発のバックエンド募集,https://www.wantedly.com/projects/540661
バックエンド,株式会社トリドリ,Ruby on Railsを用いて自社サービスの開発！バックエンド募集,https://www.wantedly.com/projects/534352
Railsエンジニア,エースチャイルド株式会社,Railsエンジニア | 成長中の自社プロダクトを一緒に育てる仲間を募集！,https://www.wantedly.com/projects/620155
Railsエンジニア,エースチャイルド株式会社,Railsエンジニア | 成長中の自社プロダクトを一緒に育てる仲間を募集！,https://www.wantedly.com/projects/625466
Railsエンジニア,株式会社Linc,ユーザ急増中プロダクトの開発をしませんか？Railsエンジニア募集！,https://www.wantedly.com/projects/266680
Railsエンジニア,株式会社WILLCO,モダンな開発環境でエンジニアとしての市場価値を上げたい方募集！,https://www.wantedly.com/projects/594796
Railsエンジニア,株式会社WILLCO,プロダクトを企画から携わりたいテックリード募集！,https://www.wantedly.com/projects/549988
Railsエンジニア,株式会社WILLCO,医療業界をあるべき姿へ変革させる！テックリード募集！,https://www.wantedly.com/projects/560362
Railsエンジニア,株式会社WILLCO,SaaSビジネスに挑戦！開発チームをリードするテックリード募集！,https://www.wantedly.com/projects/560364
Railsエンジニア,株式会社WILLCO,経営陣と一緒にエンジニアドリブンなチーム作りが出来るエンジニア募集！,https://www.wantedly.com/projects/581195
Railsエンジニア,株式会社WILLCO,将来の幹部候補求む。自社プロダクトのCTO候補募集！,https://www.wantedly.com/projects/542865
Railsエンジニア,株式会社WILLCO,最高の開発チーム作りに興味があるテックリード募集！,https://www.wantedly.com/projects/566055
Railsエンジニア,株式会社WILLCO,医療業界の働きがいを促進！自社プロダクトのテックリード募集！,https://www.wantedly.com/projects/556256
Railsエンジニア,株式会社WILLCO,働く環境に絶対の自信あり！自社プロダクトのテックリード募集！,https://www.wantedly.com/projects/541412
Railsエンジニア,株式会社WILLCO,心理的安全性が担保された環境で自社プロダクトのテックリード募集！,https://www.wantedly.com/projects/542887
Railsエンジニア,株式会社WILLCO,企画や技術選定から携わりたい、自社プロダクトのテックリード募集！,https://www.wantedly.com/projects/566057
Railsエンジニア,株式会社WILLCO,アジャイルスクラム開発で強いテックチームを作りませんか？テックリード募集！,https://www.wantedly.com/projects/549991
Railsエンジニア,株式会社WILLCO,モダンな環境でエンジニアとして圧倒的成長を求めているテックリード募集！,https://www.wantedly.com/projects/556260
Railsエンジニア,株式会社WILLCO,HRテック領域のプロダクト開発をリード出来るエンジニア募集！,https://www.wantedly.com/projects/549973
Railsエンジニア,株式会社WILLCO,技術ギークな方求む！自社プロダクトのテックリード募集！,https://www.wantedly.com/projects/560359
Railsエンジニア,株式会社WILLCO,医療業界のDXを加速させるプロダクトに興味があるエンジニア募集！,https://www.wantedly.com/projects/588041
Railsエンジニア,株式会社WILLCO,心理的安全性が担保された環境でSaaSプロダクトに挑戦したいエンジニア募集,https://www.wantedly.com/projects/594791
Railsエンジニア,株式会社WILLCO,評価制度に絶対の自信！Webアプリケーションエンジニア募集！,https://www.wantedly.com/projects/581194
Railsエンジニア,株式会社WILLCO,Ruby経験者求む！技術ギークな方大歓迎！,https://www.wantedly.com/projects/556264
Railsエンジニア,株式会社WILLCO,医療業界×DXを加速させるSaaSプロダクトに挑戦！即戦力エンジニア募集！,https://www.wantedly.com/projects/594784
Railsエンジニア,株式会社WILLCO,医療・法律業界をオープンにするHRサービス開発エンジニアWanted！,https://www.wantedly.com/projects/452699
Railsエンジニア,株式会社WILLCO,実務経験3年以上必須！プロダクトをグロース出来るエンジニア募集！,https://www.wantedly.com/projects/581189
Railsエンジニア,株式会社WILLCO,Ruby・AWS経験者求む！自社プロダクトのテックリード募集！,https://www.wantedly.com/projects/566046
Railsエンジニア,株式会社リスタ,求人数20万件突破！求人業界を変えたいRailsエンジニアWANTED！,https://www.wantedly.com/projects/541796
サーバサイドエンジニア,株式会社Emotion Tech,5億件の感情データで顧客体験を可視化するRailsエンジニア募集！,https://www.wantedly.com/projects/610542
Rubyエンジニア,株式会社オースタンス,社員1桁で月4000万PV！シニアDX大手のRailsエンジニア募集！,https://www.wantedly.com/projects/326440
Webエンジニア,株式会社チュートリアル,Rails/Vue.js/GCPで自社サービスを開発したいエンジニア募集！,https://www.wantedly.com/projects/617069
Webエンジニア,株式会社チュートリアル,働くをもっと楽しくするクラウド型RPAのRailsエンジニアを募集！,https://www.wantedly.com/projects/555402
Next.js / Rails,ヘイ株式会社,リードエンジニアを目指しながらSaaS拡大フェーズを経験できる！,https://www.wantedly.com/projects/604330
Railsエンジニア,株式会社GA technologies(GAテクノロジーズ),PropTech｜社会貢献度の高いプロダクトを作りたいエンジニアを募集,https://www.wantedly.com/projects/383937
エンジニアリングマネージャー,株式会社GA technologies(GAテクノロジーズ),開発組織力向上にコミットできるエンジニアリングマネージャー募集,https://www.wantedly.com/projects/606553
Railsエンジニア,株式会社3Backs,Railsで新規開発！自社プロダクトを開発する駆け出しエンジニアを大募集！,https://www.wantedly.com/projects/571057
Railsエンジニア,株式会社Relic,自由な風土で新しいプロダクトを生み出してみたいRailsエンジニア募集！,https://www.wantedly.com/projects/568366
サーバーサイドエンジニア,株式会社Relic,急成長のSaaS型クラウドファンディング事業を創るエンジニア募集！,https://www.wantedly.com/projects/595123
サーバーサイドエンジニア,株式会社Relic,システムだけでなく事業を創りたい！そんなサーバーサイドエンジニアを募集！,https://www.wantedly.com/projects/524175
サーバーサイドエンジニア,株式会社Relic,Webサービスが大好きな人歓迎！スクラム開発で新規事業を立ち上げませんか？,https://www.wantedly.com/projects/568378
サーバーサイドエンジニア,株式会社Relic,成長中のFintechプロダクトを開発したいRailsエンジニアを募集！,https://www.wantedly.com/projects/524007
エンジニア/未経験,株式会社Relic,新規プロダクトを立ち上げられるようなエンジニアを目指してみませんか？,https://www.wantedly.com/projects/548229
Webエンジニア,株式会社crispy,少数精鋭チームで開発！お買い物サービスを作るRailsエンジニア募集,https://www.wantedly.com/projects/583044
Webエンジニア,株式会社crispy,少数精鋭チームで開発！お買い物サービスを作るRailsエンジニア募集,https://www.wantedly.com/projects/436245
Webエンジニア,ペリプラス株式会社,SaaS型CMSを開発するRailsエンジニアを募集！,https://www.wantedly.com/projects/544155
Ruby on Rails開発,"KINDLER, Inc.",美容 x AI でRuby on Railsサーバサイドエンジニア募集！,https://www.wantedly.com/projects/619271
Railsエンジニア,メドピア株式会社,Railsでヘルステック事業を前進させるサービス開発エンジニアを大募集！,https://www.wantedly.com/projects/314435
Webエンジニア,メドピア株式会社,ユーザー数激増サービスの開発エンジニアとして活躍いただける方を大募集！,https://www.wantedly.com/projects/318841
Railsエンジニア,メドピア株式会社,Railsエンジニア募集！データと技術の掛け合わせで医療体験を変えませんか,https://www.wantedly.com/projects/597536
Railsエンジニア,ツクリンク株式会社,63兆円市場の建設業界を自社サービスで変革するRailsエンジニア募集！,https://www.wantedly.com/projects/550467
Railsエンジニア,ツクリンク株式会社,建設業界をITで変革するベンチャーのエンジニアリーダー候補募集！,https://www.wantedly.com/projects/552655
Railsエンジニア,株式会社Rebase,Railsエンジニア｜空間と人のマッチングプラットフォームの根幹を支える,https://www.wantedly.com/projects/120979
Rails エンジニア,株式会社クラウドワークス,エンジニアの働き方を変えたいRailsエンジニアの募集,https://www.wantedly.com/projects/433365
Rails or Python,株式会社クラウドワークス,事務領域の働き方を変える！リリース直後の新規プロダクトでエンジニア募集！,https://www.wantedly.com/projects/588913
Rails エンジニア,株式会社クラウドワークス,自社サービス開発に関わる／事業を改善したいエンジニアWANTED！,https://www.wantedly.com/projects/526357
Webエンジニア,株式会社クラウドワークス,320万会員突破！働き方の変革に挑戦するRailsエンジニア募集,https://www.wantedly.com/projects/73940
Railsエンジニア,"for Startups,Inc",HR領域でサービスを育てていきたいRailsエンジニアをWANTED！！,https://www.wantedly.com/projects/177154
Ruby on Rails,株式会社Linc'well (リンクウェル),Railsエンジニアを募集！医療×ITで新規事業を起こそう！,https://www.wantedly.com/projects/513402
Railsエンジニア,ENECHANGE株式会社,エネルギーの未来をつくる Ruby on Rails エンジニア募集！,https://www.wantedly.com/projects/17278
Webエンジニア,ENECHANGE株式会社,エネルギーの未来をつくる SIer 出身エンジニア募集！,https://www.wantedly.com/projects/199275
"Ruby,Railsエンジニア",株式会社TimeTechnologies,事業成長率に自信あり！圧倒的成長ベンチャーがRailsエンジニアを募集！,https://www.wantedly.com/projects/583903
"Ruby,Railsエンジニア",株式会社TimeTechnologies,100%自社開発のプロダクトに携わりたいRailsエンジニア募集！,https://www.wantedly.com/projects/583901
"Ruby,Railsエンジニア",株式会社TimeTechnologies,創業３年目の企業でプロダクト開発に携わりたいRailsエンジニア募集！,https://www.wantedly.com/projects/583895
サーバーサイドエンジニア,株式会社TimeTechnologies,創業2年目の企業でプロダクト開発に携わりたいRailsエンジニア募集！,https://www.wantedly.com/projects/623795
Rubyエンジニア,株式会社Cuon,Railsが好き！これからもRailsで開発を行っていきたい人Wanted,https://www.wantedly.com/projects/623280
Webエンジニア,株式会社Cuon,エンジニア個人のキャリアに向き合いながら挑戦できる環境がここにあります！！,https://www.wantedly.com/projects/613111
Webエンジニア,株式会社Cuon,"プライム案件多数！だからこそできる,上流工程から挑戦したい人Wanted！",https://www.wantedly.com/projects/623295
Rubyエンジニア,株式会社Cuon,急成長ベンチャーで成長したい！Ruby エンジニア大募集！,https://www.wantedly.com/projects/613110
Railsエンジニア,株式会社アーキベース,拡大期のベンチャーでRailsエンジニア経験を活かして開発に携わりませんか,https://www.wantedly.com/projects/565238
Railsエンジニア,株式会社ビビッドガーデン,急成長のプロダクト、食べチョクのWebエンジニアをwanted！,https://www.wantedly.com/projects/448840
サーバーサイドエンジニア,株式会社WARC,Rails・サーバーサイド｜HR techのプロダクト開発エンジニア募集！,https://www.wantedly.com/projects/523030
Webエンジニア,株式会社オリサンキュ,無限に学び、新しい価値観の世代を創造する！開発を担うWebエンジニア募集！,https://www.wantedly.com/projects/282224
バックエンドエンジニア,株式会社palan,Ruby on RailsでARのシステムを作りたい学生インターン募集！,https://www.wantedly.com/projects/610641
バックエンドエンジニア,トラベルブック株式会社,自社サービスをLaravel・Railsで支えるエンジニア募集！,https://www.wantedly.com/projects/326413
Backendエンジニア,株式会社カンカク,テクノロジーで新しいライフスタイルをつくる、Backendエンジニア募集！,https://www.wantedly.com/projects/608415
Railsエンジニア,株式会社サイバーセキュリティクラウド,SaaS×サイバーセキュリティの上場企業でRailsオタクなエンジニア募集,https://www.wantedly.com/projects/520705
ソフトウェアエンジニア,株式会社サイバーセキュリティクラウド,継続率98.9%！サイバーセキュリティSaaSのソフトウェアエンジニア募集,https://www.wantedly.com/projects/578066
Rubyエンジニア,ユニファ株式会社,テクノロジーの力で家族をもっと豊かにしたい！Rubyエンジニア募集！,https://www.wantedly.com/projects/524021
Webエンジニア,ウィノー株式会社,働きながら成長したい！フルスタックエンジニア募集！！,https://www.wantedly.com/projects/525818
Railsエンジニア,株式会社Leaner Technologies,自社クラウド設計・開発で業界の次世代スタンダードを創るRailsエンジニア,https://www.wantedly.com/projects/429153
フルスタックエンジニア,株式会社Leaner Technologies,Ruby/Rails/Vue.js等でアジャイル開発をリードするエンジニア,https://www.wantedly.com/projects/496939
Webエンジニア,株式会社クルイト,自社プロダクト開発に関わり、圧倒的にスキルアップしたい方！エンジニア募集！,https://www.wantedly.com/projects/387132
Webエンジニア,株式会社クルイト,急成長ベンチャーでプロダクト開発に携わりたい方募集中！,https://www.wantedly.com/projects/362125
Webエンジニア,株式会社クルイト,自社プロダクトを作る側に！！成長意欲のあるwebエンジニア募集！,https://www.wantedly.com/projects/392026
Webエンジニア,株式会社クルイト,新たに挑戦したい方！自社プロダクト開発に携わるwebエンジニア募集！,https://www.wantedly.com/projects/426337
バックエンドエンジニア,株式会社ヒュープロ,日本一のメディアを自分の手で作りたいWEBエンジニア募集！,https://www.wantedly.com/projects/353360
Rails エンジニア,おいしい健康,企画から実装、効果測定まで一気通貫でやるWEBエンジニア募集！,https://www.wantedly.com/projects/603130
Railsエンジニア,Classi株式会社,学校教育にICT革命を起こすRailsエンジニア募集！,https://www.wantedly.com/projects/166763
Rubyエンジニア,Classi株式会社,学校/保護者向け新規事業を立ち上げから！リードRubyエンジニア募集！,https://www.wantedly.com/projects/573207
Railsエンジニア,Classi株式会社,学校にこれがあればよかった！を形にする保護者チームエンジニア募集！,https://www.wantedly.com/projects/354985
Railsエンジニア,Classi株式会社,新規サービス立ち上げ！学校改革を担うRailsエンジニアWanted！,https://www.wantedly.com/projects/520101
Railsエンジニア,株式会社クリプラ,柔軟な働き方で取り組む クラウド電子カルテのRailsエンジニア募集！,https://www.wantedly.com/projects/525845
Railsエンジニア,株式会社クリプラ,医療の未来を切り拓く クラウド電子カルテのRailsエンジニア募集！,https://www.wantedly.com/projects/459388
シニアエンジニア,ウリドキ株式会社,フルリモートワーク！C2Bプラットフォームを作るRailsエンジニア募集！,https://www.wantedly.com/projects/303364
コーダー,ウリドキ株式会社,急成長スタートアップでプロダクト開発の屋台骨となるコーダー募集！,https://www.wantedly.com/projects/329853
Railsエンジニア,株式会社エル・ティー・エス,よい人・よい企業に機会が集まる世界を。更なる成長を望むエンジニア募集！,https://www.wantedly.com/projects/548334
Railsエンジニア,株式会社エル・ティー・エス,よい人・よい企業に機会が集まる世界を／更なる成長を望むエンジニア募集！,https://www.wantedly.com/projects/582428
テックリード,株式会社BitStar,元ラクスルCTOの元で働くRailsテックリード募集,https://www.wantedly.com/projects/512673
開発エンジニア,株式会社BitStar,BitStarを技術で加速させるRailsエンジニア募集！,https://www.wantedly.com/projects/502740
Webエンジニア,株式会社CaSy,独自マッチングシステムで家事代行事業をグロース！Ruby エンジニア募集,https://www.wantedly.com/projects/581222
Rubyエンジニア,株式会社Beer and Tech,急成長の花のECをさらにグロースさせるRailsエンジニア募集！,https://www.wantedly.com/projects/603987
Rubyエンジニア,株式会社Beer and Tech,Railsエンジニア募集！花業界を変革するサービスを一緒に作りませんか？,https://www.wantedly.com/projects/535756
Rubyエンジニア,株式会社Beer and Tech,花き業界を代表するサービスを共に作り上げるRailsエンジニア募集！,https://www.wantedly.com/projects/566034
リードエンジニア,株式会社Beer and Tech,フリーランスも募集中！花業界をアップデートするリードエンジニア｜Rails,https://www.wantedly.com/projects/587535
リードエンジニア,株式会社Beer and Tech,フリーランスも募集！HitoHanaを根幹から支えるRailsエンジニア！,https://www.wantedly.com/projects/603977
リーダー候補,株式会社ビットエー,Rails/Vue.jsプロダクトの品質向上させるフロントエンドエンジニア,https://www.wantedly.com/projects/594109
Webエンジニア,株式会社Aill,"急速な成長を支えるRails,AWS経験を有するバックエンドエンジニア募集",https://www.wantedly.com/projects/616031
サーバサイド,株式会社iCARE,DevDrivenな開発組織でヘルスケアに変革を！　サーバサイドエンジニア,https://www.wantedly.com/projects/180817
サーバサイド,株式会社iCARE,調達した15億円で、アナログな健康診断をガシガシDXしてくれる人募集！,https://www.wantedly.com/projects/547674
サーバサイド,株式会社iCARE,DevDrivenな開発組織でヘルスケアに変革を！サーバサイドエンジニア,https://www.wantedly.com/projects/471740
Webエンジニア,株式会社ポピンズシッター,プロダクトの企画から関わりたいRailsエンジニア募集！,https://www.wantedly.com/projects/606270
Webエンジニア,株式会社ポピンズシッター,育児TechベンチャーでRailsエンジニアのテックリードを募集！,https://www.wantedly.com/projects/600564
Webエンジニア,株式会社ポピンズシッター,成長フェーズの育児TechベンチャーでRailsエンジニア募集！,https://www.wantedly.com/projects/606266
Webエンジニア,ケイスリー株式会社,社会的課題解決に向けた、第１号プロダクトの開発メンバーを募集！,https://www.wantedly.com/projects/573173
バックエンドエンジニア,株式会社SUPER STUDIO,口コミで話題！SaaS EC基幹システム開発｜バックエンドエンジニアを募集,https://www.wantedly.com/projects/376150
エンジニアリングマネージャー,株式会社SUPER STUDIO,SaaS EC基幹システム開発｜エンジニアリングマネージャーを募集！,https://www.wantedly.com/projects/536743
Railsエンジニア,株式会社スタートアップテクノロジー,納品のないプロダクト開発に取り組むWebエンジニア募集！,https://www.wantedly.com/projects/622583
Webエンジニア,株式会社スタートアップテクノロジー,課題解決を楽しめるRailsエンジニア募集！,https://www.wantedly.com/projects/587796
Webエンジニア,CAMPFIRE,新しいマーケットを牽引してくれるエンジニア大募集！全国可！,https://www.wantedly.com/projects/586096
サーバーサイドエンジニア,からくり株式会社,目標はフルスタック！常に成長したいサーバーサイドエンジニアを大募集！,https://www.wantedly.com/projects/78279
バックエンドエンジニア,株式会社RECEPTIONIST,Ruby/Railsで最新機能搭載プロダクトを高めるバックエンドエンジニア,https://www.wantedly.com/projects/603779
Webエンジニア,株式会社フォトシンス（Akerun）,Railsエンジニア/サブスク型SaaS企業で認証プラットフォーム開発！,https://www.wantedly.com/projects/600766
Webエンジニア,株式会社Asobica,カスタマーサクセス領域を支援するWebアプリの開発｜Railsエンジニア,https://www.wantedly.com/projects/305493
Rails エンジニア,株式会社CLEAR,グローバルなEdTechサービスを成長させるRailsエンジニア募集！,https://www.wantedly.com/projects/99704
サーバーサイドエンジニア,ノイン株式会社,Ruby on Rails /コスメDXに挑戦したい方、大歓迎！,https://www.wantedly.com/projects/556489
Railsエンジニア,株式会社マネーフォワード,ビッグデータを活用した個人向けサービスの開発を担うRailsエンジニア！,https://www.wantedly.com/projects/185681
福岡UIターンしたいエンジニア,株式会社マネーフォワード,福岡のプロダクト開発拠点でUIターンして働きたい方募集中！,https://www.wantedly.com/projects/304636
Webエンジニア,株式会社マネーフォワード,GolangでB2B SaaSのバックエンドを開発したいエンジニアを募集！,https://www.wantedly.com/projects/408064
Webエンジニア,株式会社マネーフォワード,大量データを扱う複雑な業務アプリをRubyで作りたいエンジニア募集！,https://www.wantedly.com/projects/323533
Rubyist,株式会社マネーフォワード,RubyをForwardするコミッター達と共に働きたいRubyist募集！,https://www.wantedly.com/projects/29045
Railsエンジニア,株式会社マネーフォワード,お金の課題を解決するB2Bサービスを支える！Railsエンジニアを募集！,https://www.wantedly.com/projects/284246
Railsエンジニア,株式会社マネーフォワード,お金の課題解決！マネーフォワード MEを成長させるエンジニア！,https://www.wantedly.com/projects/533741
Railsエンジニア,株式会社マネーフォワード,金融業界向けFintechサービスを共創するRailsエンジニアの募集！,https://www.wantedly.com/projects/285687
Webエンジニア,LBV株式会社,新規サービスSaaS管理プラットフォームの開発を加速させるエンジニアを募集,https://www.wantedly.com/projects/618214
Webエンジニア,LBV株式会社,革新的なSaaS管理クラウドサービスの開発を支えるエンジニアを募集！,https://www.wantedly.com/projects/587634
Railsエンジニア/正社員,株式会社ポケットマルシェ,農家・漁師から産直のC2Cサービス開発の中核を担うRailsエンジニア募集,https://www.wantedly.com/projects/451001
サーバサイドエンジニア,株式会社ディー・エヌ・エー,勢いを増すライブ領域で国内・海外の技術課題に挑むサーバエンジニア募集！,https://www.wantedly.com/projects/390585
Ruby on Rails,株式会社ギフティ,小さな感謝にギフトを添えて贈り合うgifteeのバックエンドエンジニア募集,https://www.wantedly.com/projects/312855
サーバーサイドエンジニア,株式会社ギフティ,ギフトの体験価値を変える自社SaaSプロダクトでエンジニア募集,https://www.wantedly.com/projects/312875
Railsエンジニア,株式会社TRIVEGROUP,動画収益の新常識！芸能人も参画する動画版baseを創るRailsエンジニア,https://www.wantedly.com/projects/480734
バックエンドエンジニア,株式会社KabuK Style,住み放題サービスを次なるステージへ導くバックエンドエンジニア募集！,https://www.wantedly.com/projects/401851
サーバーサイドエンジニア,note株式会社,GoやRailsでnoteのパフォーマンスを高めるサーバーサイドエンジニア,https://www.wantedly.com/projects/341219
Webエンジニア,スタディプラス株式会社,生徒を褒める機会を最大化！これからの教室を支えるWebエンジニア募集！,https://www.wantedly.com/projects/599821
サーバサイドエンジニア,株式会社アンドパッド,急成長中の業界シェアNo.1自社アプリを開発するRailsエンジニア募集,https://www.wantedly.com/projects/177378
Webエンジニア,"Wantedly, Inc.","GoやRails,ReactでWantedlyのサービスを開発しませんか？",https://www.wantedly.com/projects/65012
バックエンドエンジニア,"Wantedly, Inc.",優秀な若手と新しい時代を駆け抜けたいエンジニアWanted!,https://www.wantedly.com/projects/298863
グロースエンジニア,"Wantedly, Inc.",技術とチームの力でプロダクトをグロースさせたいエンジニアWanted!,https://www.wantedly.com/projects/353350
Webエンジニア,"Wantedly, Inc.",愛される新規プロダクト開発と、エンジニアリングの話をしよう,https://www.wantedly.com/projects/538239
チームリーダー候補,"Wantedly, Inc.",開発チームをプロダクト面から支えるWEBエンジニアリーダー募集！,https://www.wantedly.com/projects/471335
ソフトウエアエンジニア,"Wantedly, Inc.",技術力は大事。その先の、プロダクトのグロースに興味がある人へ,https://www.wantedly.com/projects/264311
Webエンジニア,株式会社MyCity,働き方の未来をつくる、Webエンジニアを募集！,https://www.wantedly.com/projects/542693
バックエンドエンジニア,株式会社グロービス,未来の教育を創るRailsエンジニア募集！toB向け開発,https://www.wantedly.com/projects/595706
バックエンドエンジニア,株式会社グロービス,未来の教育を創るRailsエンジニア募集！toC向け開発,https://www.wantedly.com/projects/595726
Rails エンジニア,株式会社grooves,HR×ITサービスを盛り上げるRailsエンジニア募集！,https://www.wantedly.com/projects/374405
研究開発エンジニア（R&D）,株式会社LegalForce,メタプログラミングやDSL開発に興味があるRubyエンジニア募集中！,https://www.wantedly.com/projects/615103
Ruby on Rails,株式会社ミラスタ,IT業界で約1年、そろそろ開発やりたいエンジニア募集！,https://www.wantedly.com/projects/233640
サーバサイドエンジニア,NEW STANDARD株式会社（旧株式会社TABILABO）,Rubyエンジニア募集！新しいコンテンツ流通モデルを一緒に創りましょう！,https://www.wantedly.com/projects/110355
Webエンジニア,楽天グループ株式会社ラクマ事業部,"累計2,500万DLのフリマアプリを支えるWebエンジニア求む！！",https://www.wantedly.com/projects/287974
サーバーサイドエンジニア,楽天グループ株式会社ラクマ事業部,ユーザーから愛されるフリマアプリを作りたいサーバーサイドエンジニアを募集！,https://www.wantedly.com/projects/532894
railsエンジニア,Supership,"月間3,000億アクセス超！！/大規模の広告配信プラットフォーム開発",https://www.wantedly.com/projects/83533
Railsエンジニア,株式会社マツリカ,経験者向け_SalesTechスタートアップでのリードエンジニア募集！,https://www.wantedly.com/projects/520742
バックエンドエンジニア,株式会社Synamon,バックエンド：XRスタートアップで世の中を変えるサービスづくりにチャレンジ,https://www.wantedly.com/projects/618060
サーバサイドエンジニア,株式会社Synamon,サーバーサイドエンジニアとして、VRの未来を一緒に創っていきませんか？,https://www.wantedly.com/projects/411025
Webエンジニア,キラメックス株式会社,IT×教育｜サービスづくりが好きなRailsエンジニアWANTED！,https://www.wantedly.com/projects/162742
Rubyエンジニア,キラメックス株式会社,一緒にいいサービスをつくりましょう！プロダクト愛に溢れるエンジニア募集！,https://www.wantedly.com/projects/481411
メンター（講師）,キラメックス株式会社,未来のサービス開発者の学習をサポートするメンター募集！,https://www.wantedly.com/projects/368761
メンター（講師）,キラメックス株式会社,未来のサービス開発者の学習をサポートするメンター募集！,https://www.wantedly.com/projects/360554
メンター（講師）,キラメックス株式会社,未来のサービス開発者の学習をサポートするメンター募集！,https://www.wantedly.com/projects/363792
メンター（講師）,キラメックス株式会社,未来のサービス開発者の学習をサポートするメンター募集！,https://www.wantedly.com/projects/371963
メンター（講師）,キラメックス株式会社,未来のサービス開発者の学習をサポートするメンター募集！,https://www.wantedly.com/projects/362784
メンター（講師）,キラメックス株式会社,未来のサービス開発者の学習をサポートするメンター募集！,https://www.wantedly.com/projects/385025
メンター（講師）,キラメックス株式会社,未来のサービス開発者の学習をサポートするメンター募集！,https://www.wantedly.com/projects/393443
メンター（講師）,キラメックス株式会社,未来のサービス開発者の学習をサポートするメンター募集！,https://www.wantedly.com/projects/337558
メンター（講師）,キラメックス株式会社,未来のサービス開発者の学習をサポートするメンター募集！,https://www.wantedly.com/projects/377189
メンター（講師）,キラメックス株式会社,未来のサービス開発者の学習をサポートするメンター募集！,https://www.wantedly.com/projects/351766
メンター（講師）,キラメックス株式会社,未来のサービス開発者の学習をサポートするメンター募集！,https://www.wantedly.com/projects/464416
メンター（講師）,キラメックス株式会社,未来のサービス開発者の学習をサポートするメンター募集！,https://www.wantedly.com/projects/441744
メンター（講師）,キラメックス株式会社,未来のサービス開発者の学習をサポートするメンター募集！,https://www.wantedly.com/projects/437255
メンター（講師）,キラメックス株式会社,未来のサービス開発者の学習をサポートするメンター募集！,https://www.wantedly.com/projects/456504
メンター（講師）,キラメックス株式会社,未来のサービス開発者の学習をサポートするメンター募集！,https://www.wantedly.com/projects/461529
メンター（講師）,キラメックス株式会社,未来のサービス開発者の学習をサポートするメンター募集！,https://www.wantedly.com/projects/452489
メンター（講師）,キラメックス株式会社,未来のサービス開発者の学習をサポートするメンター募集！,https://www.wantedly.com/projects/448607
メンター（講師）,キラメックス株式会社,未来のサービス開発者の学習をサポートするメンター募集！,https://www.wantedly.com/projects/468041
メンター（講師）,キラメックス株式会社,未来のサービス開発者の学習をサポートするメンター募集！,https://www.wantedly.com/projects/444708
メンター（講師）,キラメックス株式会社,未来のサービス開発者の学習をサポートするメンター募集！,https://www.wantedly.com/projects/440820
メンター（講師）,キラメックス株式会社,未来のサービス開発者の学習をサポートするメンター募集！,https://www.wantedly.com/projects/472956
メンター（講師）,キラメックス株式会社,未来のサービス開発者の学習をサポートするメンター募集！,https://www.wantedly.com/projects/434517
メンター（講師）,キラメックス株式会社,未来のサービス開発者の学習をサポートするメンター募集！,https://www.wantedly.com/projects/427303
メンター（講師）,キラメックス株式会社,未来のサービス開発者の学習をサポートするメンター募集！,https://www.wantedly.com/projects/480103
メンター（講師）,キラメックス株式会社,未来のサービス開発者の学習をサポートするメンター募集！,https://www.wantedly.com/projects/419644
メンター（講師）,キラメックス株式会社,未来のサービス開発者の学習をサポートするメンター募集！,https://www.wantedly.com/projects/433625
メンター（講師）,キラメックス株式会社,未来のサービス開発者の学習をサポートするメンター募集！,https://www.wantedly.com/projects/433000
メンター（講師）,キラメックス株式会社,未来のサービス開発者の学習をサポートするメンター募集！,https://www.wantedly.com/projects/429714
メンター（講師）,キラメックス株式会社,未来のサービス開発者の学習をサポートするメンター募集！,https://www.wantedly.com/projects/431241
メンター（講師）,キラメックス株式会社,未来のサービス開発者の学習をサポートするメンター募集！,https://www.wantedly.com/projects/431923
メンター（講師）,キラメックス株式会社,未来のサービス開発者の学習をサポートするメンター募集！,https://www.wantedly.com/projects/470115
メンター（講師）,キラメックス株式会社,未来のサービス開発者の学習をサポートするメンター募集！,https://www.wantedly.com/projects/251886
Ruby on Rails,キラメックス株式会社,一緒にいいサービスをつくりましょう！プロダクト愛に溢れるエンジニア募集！,https://www.wantedly.com/projects/381563
Ruby on Rails,キラメックス株式会社,一緒にいいサービスをつくりましょう！プロダクト愛に溢れるエンジニア募集！,https://www.wantedly.com/projects/367792
Ruby on Rails,キラメックス株式会社,一緒にいいサービスをつくりましょう！プロダクト愛に溢れるエンジニア募集！,https://www.wantedly.com/projects/364305
Ruby on Rails,キラメックス株式会社,一緒にいいサービスをつくりましょう！プロダクト愛に溢れるエンジニア募集！,https://www.wantedly.com/projects/376059
Ruby on Rails,キラメックス株式会社,一緒にいいサービスをつくりましょう！プロダクト愛に溢れるエンジニア募集！,https://www.wantedly.com/projects/352535
Ruby on Rails,キラメックス株式会社,一緒にいいサービスをつくりましょう！プロダクト愛に溢れるエンジニア募集！,https://www.wantedly.com/projects/373067
Ruby on Rails,キラメックス株式会社,一緒にいいサービスをつくりましょう！プロダクト愛に溢れるエンジニア募集！,https://www.wantedly.com/projects/365602
Ruby on Rails,キラメックス株式会社,一緒にいいサービスをつくりましょう！プロダクト愛に溢れるエンジニア募集！,https://www.wantedly.com/projects/348631
Ruby on Rails,キラメックス株式会社,一緒にいいサービスをつくりましょう！プロダクト愛に溢れるエンジニア募集！,https://www.wantedly.com/projects/360559
Ruby on Rails,キラメックス株式会社,一緒にいいサービスをつくりましょう！プロダクト愛に溢れるエンジニア募集！,https://www.wantedly.com/projects/356887
Ruby on Rails,キラメックス株式会社,一緒にいいサービスをつくりましょう！プロダクト愛に溢れるエンジニア募集！,https://www.wantedly.com/projects/476699
Ruby on Rails,キラメックス株式会社,一緒にいいサービスをつくりましょう！プロダクト愛に溢れるエンジニア募集！,https://www.wantedly.com/projects/443737
Ruby on Rails,キラメックス株式会社,一緒にいいサービスをつくりましょう！プロダクト愛に溢れるエンジニア募集！,https://www.wantedly.com/projects/438405
Ruby on Rails,キラメックス株式会社,一緒にいいサービスをつくりましょう！プロダクト愛に溢れるエンジニア募集！,https://www.wantedly.com/projects/385621
Webエンジニア,キラメックス株式会社,まずはカジュアルにお話しましょう！新しい教育を創りたいエンジニア募集！,https://www.wantedly.com/projects/202946
Webエンジニア,キラメックス株式会社,＜IT×教育＞未来のエンジニアを育てるサービスをつくりませんか？,https://www.wantedly.com/projects/177368
カリキュラムディレクター,キラメックス株式会社,＜EdTech＞ユーザーの“学び”を設計。カリキュラムディレクター募集！,https://www.wantedly.com/projects/178784
Ruby on Rails,キラメックス株式会社,一緒にいいサービスをつくりましょう！プロダクト愛に溢れるエンジニア募集！,https://www.wantedly.com/projects/338289
Ruby on Rails,キラメックス株式会社,一緒にいいサービスをつくりましょう！プロダクト愛に溢れるエンジニア募集！,https://www.wantedly.com/projects/344553
Ruby on Rails,キラメックス株式会社,一緒にいいサービスをつくりましょう！プロダクト愛に溢れるエンジニア募集！,https://www.wantedly.com/projects/332910
Ruby on Rails,キラメックス株式会社,一緒にいいサービスをつくりましょう！プロダクト愛に溢れるエンジニア募集！,https://www.wantedly.com/projects/339810
Ruby on Rails,キラメックス株式会社,一緒にいいサービスをつくりましょう！プロダクト愛に溢れるエンジニア募集！,https://www.wantedly.com/projects/505476
メンター（講師）,キラメックス株式会社,未来のサービス開発者の学習をサポートするメンター募集！,https://www.wantedly.com/projects/179955
Ruby on Rails,キラメックス株式会社,一緒にいいサービスをつくりましょう！プロダクト愛に溢れるエンジニア募集！,https://www.wantedly.com/projects/440414
Ruby on Rails,キラメックス株式会社,一緒にいいサービスをつくりましょう！プロダクト愛に溢れるエンジニア募集！,https://www.wantedly.com/projects/473541
Ruby on Rails,キラメックス株式会社,一緒にいいサービスをつくりましょう！プロダクト愛に溢れるエンジニア募集！,https://www.wantedly.com/projects/471202
Ruby on Rails,キラメックス株式会社,一緒にいいサービスをつくりましょう！プロダクト愛に溢れるエンジニア募集！,https://www.wantedly.com/projects/451275
Ruby on Rails,キラメックス株式会社,一緒にいいサービスをつくりましょう！プロダクト愛に溢れるエンジニア募集！,https://www.wantedly.com/projects/467332
Ruby on Rails,キラメックス株式会社,一緒にいいサービスをつくりましょう！プロダクト愛に溢れるエンジニア募集！,https://www.wantedly.com/projects/457083
Ruby on Rails,キラメックス株式会社,一緒にいいサービスをつくりましょう！プロダクト愛に溢れるエンジニア募集！,https://www.wantedly.com/projects/454415
Ruby on Rails,キラメックス株式会社,一緒にいいサービスをつくりましょう！プロダクト愛に溢れるエンジニア募集！,https://www.wantedly.com/projects/462907
Ruby on Rails,キラメックス株式会社,一緒にいいサービスをつくりましょう！プロダクト愛に溢れるエンジニア募集！,https://www.wantedly.com/projects/458760
Ruby on Rails,キラメックス株式会社,一緒にいいサービスをつくりましょう！プロダクト愛に溢れるエンジニア募集！,https://www.wantedly.com/projects/449484
Ruby on Rails,キラメックス株式会社,一緒にいいサービスをつくりましょう！プロダクト愛に溢れるエンジニア募集！,https://www.wantedly.com/projects/478477
Ruby on Rails,キラメックス株式会社,一緒にいいサービスをつくりましょう！プロダクト愛に溢れるエンジニア募集！,https://www.wantedly.com/projects/484912
Ruby on Rails,キラメックス株式会社,一緒にいいサービスをつくりましょう！プロダクト愛に溢れるエンジニア募集！,https://www.wantedly.com/projects/446853
Ruby on Rails,キラメックス株式会社,一緒にいいサービスをつくりましょう！プロダクト愛に溢れるエンジニア募集！,https://www.wantedly.com/projects/459904
Ruby on Rails,キラメックス株式会社,一緒にいいサービスをつくりましょう！プロダクト愛に溢れるエンジニア募集！,https://www.wantedly.com/projects/499490
Ruby on Rails,キラメックス株式会社,一緒にいいサービスをつくりましょう！プロダクト愛に溢れるエンジニア募集！,https://www.wantedly.com/projects/444711
Ruby on Rails,キラメックス株式会社,一緒にいいサービスをつくりましょう！プロダクト愛に溢れるエンジニア募集！,https://www.wantedly.com/projects/445959
Ruby on Rails,キラメックス株式会社,一緒にいいサービスをつくりましょう！プロダクト愛に溢れるエンジニア募集！,https://www.wantedly.com/projects/478100
Ruby on Rails,キラメックス株式会社,一緒にいいサービスをつくりましょう！プロダクト愛に溢れるエンジニア募集！,https://www.wantedly.com/projects/461158
Ruby on Rails,キラメックス株式会社,一緒にいいサービスをつくりましょう！プロダクト愛に溢れるエンジニア募集！,https://www.wantedly.com/projects/470113
Ruby on Rails,キラメックス株式会社,一緒にいいサービスをつくりましょう！プロダクト愛に溢れるエンジニア募集！,https://www.wantedly.com/projects/491249
Ruby on Rails,キラメックス株式会社,一緒にいいサービスをつくりましょう！プロダクト愛に溢れるエンジニア募集！,https://www.wantedly.com/projects/448608
Ruby on Rails,キラメックス株式会社,一緒にいいサービスをつくりましょう！プロダクト愛に溢れるエンジニア募集！,https://www.wantedly.com/projects/441745
Ruby on Rails,キラメックス株式会社,一緒にいいサービスをつくりましょう！プロダクト愛に溢れるエンジニア募集！,https://www.wantedly.com/projects/452482
Ruby on Rails,キラメックス株式会社,一緒にいいサービスをつくりましょう！プロダクト愛に溢れるエンジニア募集！,https://www.wantedly.com/projects/472568
Ruby on Rails,キラメックス株式会社,一緒にいいサービスをつくりましょう！プロダクト愛に溢れるエンジニア募集！,https://www.wantedly.com/projects/422489
Ruby on Rails,キラメックス株式会社,一緒にいいサービスをつくりましょう！プロダクト愛に溢れるエンジニア募集！,https://www.wantedly.com/projects/433002
Ruby on Rails,キラメックス株式会社,一緒にいいサービスをつくりましょう！プロダクト愛に溢れるエンジニア募集！,https://www.wantedly.com/projects/429715
Ruby on Rails,キラメックス株式会社,一緒にいいサービスをつくりましょう！プロダクト愛に溢れるエンジニア募集！,https://www.wantedly.com/projects/428095
Ruby on Rails,キラメックス株式会社,一緒にいいサービスをつくりましょう！プロダクト愛に溢れるエンジニア募集！,https://www.wantedly.com/projects/412693
Ruby on Rails,キラメックス株式会社,一緒にいいサービスをつくりましょう！プロダクト愛に溢れるエンジニア募集！,https://www.wantedly.com/projects/436479
Ruby on Rails,キラメックス株式会社,一緒にいいサービスをつくりましょう！プロダクト愛に溢れるエンジニア募集！,https://www.wantedly.com/projects/398252
Ruby on Rails,キラメックス株式会社,一緒にいいサービスをつくりましょう！プロダクト愛に溢れるエンジニア募集！,https://www.wantedly.com/projects/387743
Ruby on Rails,キラメックス株式会社,一緒にいいサービスをつくりましょう！プロダクト愛に溢れるエンジニア募集！,https://www.wantedly.com/projects/391618
Ruby on Rails,キラメックス株式会社,一緒にいいサービスをつくりましょう！プロダクト愛に溢れるエンジニア募集！,https://www.wantedly.com/projects/425278
Ruby on Rails,キラメックス株式会社,一緒にいいサービスをつくりましょう！プロダクト愛に溢れるエンジニア募集！,https://www.wantedly.com/projects/434518
Ruby on Rails,キラメックス株式会社,一緒にいいサービスをつくりましょう！プロダクト愛に溢れるエンジニア募集！,https://www.wantedly.com/projects/395104
Ruby on Rails,キラメックス株式会社,一緒にいいサービスをつくりましょう！プロダクト愛に溢れるエンジニア募集！,https://www.wantedly.com/projects/394108
Ruby on Rails,キラメックス株式会社,新しい教育を一緒に創りましょう！サービスづくりが好きなエンジニア募集！,https://www.wantedly.com/projects/220451
Ruby on Rails,キラメックス株式会社,一緒にいいサービスをつくりましょう！プロダクト愛に溢れるエンジニア募集！,https://www.wantedly.com/projects/173255
Ruby on Rails,キラメックス株式会社,＜EdTech＞新規事業を推進するエンジニアWANTED！,https://www.wantedly.com/projects/179580
Ruby on Rails,キラメックス株式会社,一緒にいいサービスをつくりましょう！プロダクト愛に溢れるエンジニア募集！,https://www.wantedly.com/projects/565859
Railsエンジニア,株式会社 BuySell Technologies,技術開発に全面投資中。マイクロサービス開発を任せられるエンジニアを募集！,https://www.wantedly.com/projects/452412
エンジニアマネージャー,株式会社 BuySell Technologies,リアル事業が主であった当社をエンジニアリングの力で変革するマネージャー募集,https://www.wantedly.com/projects/453775
Rails（実務経験３年以上）,株式会社アングラーズ,釣り業界を本気で変革させるRailsエンジニア募集,https://www.wantedly.com/projects/527333
実務経験３年以上,株式会社アングラーズ,実務経験者求む！RailsとReact Nativeで釣り×ITに革新を！,https://www.wantedly.com/projects/529870
Rubyエンジニア,株式会社JMDC,個人の健康データを統合管理するサービスをRailsで開発しませんか ？,https://www.wantedly.com/projects/285091
バックエンドエンジニア,パレットクラウド株式会社,200万戸の住生活プラットフォームを支える！バックエンドエンジニアを募集！,https://www.wantedly.com/projects/287552
バックエンドエンジニア,パレットクラウド株式会社,不動産tech開発を加速させるバックエンドエンジニア募集！,https://www.wantedly.com/projects/257387
バックエンドエンジニア,Paintnote株式会社,創業2年目！SaaSスタートアップで力をつけたいRailsエンジニア募集！,https://www.wantedly.com/projects/598692
Railsエンジニア,KiZUKAI,Rails人材コアメンバー！AIを活用するCXMサービスの開発職を募集,https://www.wantedly.com/projects/596439
Railsエンジニア,KiZUKAI,Rails人材コアメンバー！AIを活用するCXMサービスの開発職を募集,https://www.wantedly.com/projects/582209
サーバサイドエンジニア,Qrio株式会社,Ruby on RailsでIoT製品関連のシステム開発に携わりたい方！,https://www.wantedly.com/projects/619579
サーバサイドエンジニア,Qrio株式会社,ユーザー数25万人突破！カギの在り方を変えるサービスの開発に携わりたい方！,https://www.wantedly.com/projects/601778
ソフトウェアエンジニア,株式会社ユカシカド,栄養改善のD2Cスタートアップで社会課題解決に挑むエンジニアを募集！,https://www.wantedly.com/projects/586095
ソフトウェアエンジニア,株式会社ユカシカド,ヘルステックスタートアップで栄養改善のD2C事業を創るエンジニアを募集！,https://www.wantedly.com/projects/590983
リーダー候補,株式会社イーリバースドットコム,Ruby On Rails｜組織拡大中！今熱い建設DXを一緒にやりませんか,https://www.wantedly.com/projects/580362
Rails（リーダー候補）,株式会社イーリバースドットコム,アナログな業界の当たり前を底上げするDX！待望の新サービス開発をお任せ！,https://www.wantedly.com/projects/548893
バックエンド（リーダー候補）,株式会社イーリバースドットコム,Ruby On Rails｜アナログな業界の当たり前を底上げしてください！,https://www.wantedly.com/projects/556176
Webエンジニア,株式会社Toremoro,フードデリバリー関連SaaSプロダクトのサーバーサイドエンジニアを募集！,https://www.wantedly.com/projects/612179
Webエンジニア,株式会社Toremoro,フードデリバリー関連SaaSプロダクトのサーバーサイドエンジニアを募集！,https://www.wantedly.com/projects/593002
サーバーサイドエンジニア,株式会社ジョリーグッド,Vue.jsとRailsで開発したいサーバーサイドエンジニア募集！！,https://www.wantedly.com/projects/258946
サーバーエンジニア,株式会社Elaly,急成長の家具のサブスク！事業を牽引していくRailsエンジニア募集！,https://www.wantedly.com/projects/558579
Webエンジニア,株式会社Jocy,開発エンジニア：Rails／美容室サブスクリプションサービスMEZON,https://www.wantedly.com/projects/625548
エンジニアリングマネージャー,株式会社クラッソーネ,建設Techサービス開発チーム立ち上げ！エンジニアリングマネージャー募集,https://www.wantedly.com/projects/410685
Ruby on Rails使い,株式会社イデアルアーキテクツ,設立6年目に突入し、社員72名！急成長企業で活躍するRails使い募集！,https://www.wantedly.com/projects/122237
Rubyエンジニア,株式会社イデアルアーキテクツ,名古屋勤務！！設立6年目ベンチャーでRails開発しよう！,https://www.wantedly.com/projects/602380
Rubyエンジニア,株式会社イデアルアーキテクツ,大阪勤務！！設立6年目ベンチャーでRails開発しよう！,https://www.wantedly.com/projects/602379
Rubyエンジニア,株式会社イデアルアーキテクツ,Ruby on Railsでガンガン開発したいエンジニアWanted!!,https://www.wantedly.com/projects/157324
Rubyエンジニア,株式会社イデアルアーキテクツ,Rubyの女神Wanted!! Rails使ってガリガリ開発しよう！,https://www.wantedly.com/projects/148847
Rubyエンジニア,株式会社イデアルアーキテクツ,Rubyの女神Wanted!!設立6年目ベンチャーでRails開発しよう！,https://www.wantedly.com/projects/155089
Rails使い,株式会社イデアルアーキテクツ,RubyonRailsを使った開発ならおまかせ！ルビィストWanted!!,https://www.wantedly.com/projects/130832
Rails使い,株式会社イデアルアーキテクツ,飲みニケーションで熱く語りたいRailsエンジニアWanted!!,https://www.wantedly.com/projects/146199
Webエンジニア,株式会社つなげーと,初期スタートアップをグロースさせるエンジニアを募集、ポテンシャルも歓迎！,https://www.wantedly.com/projects/428988
Webエンジニア,株式会社つなげーと,初期スタートアップの経験3年以上からのリードエンジニア候補、CTO候補募集,https://www.wantedly.com/projects/283921
Webエンジニア,株式会社ファミトラ,高齢化社会の課題を解決する、革新的サービスのリードエンジニアを募集！,https://www.wantedly.com/projects/526902
サーバサイドエンジニア,株式会社ジラフ,100%自社開発。Peing -質問箱-サーバサイドエンジニアWANTED,https://www.wantedly.com/projects/266144
フルスタックエンジニア,株式会社ジラフ,世界に向けてフルスタック技術を活かしてサービス開発したい方をWANTED,https://www.wantedly.com/projects/178691
Webエンジニア,株式会社マスドライバー,一緒に会社を大きくしてくれる！3人目のメンバーを募集！,https://www.wantedly.com/projects/574523
バックエンドエンジニア,株式会社オロ,技術選定の自由度が高い環境！様々な規模のPJに関わるバックエンドエンジニア,https://www.wantedly.com/projects/178488
エンジニア,株式会社ゲームトレード,自社toCプロダクトを展開。弊社を牽引するエンジニアマネージャー募集。,https://www.wantedly.com/projects/608972
エンジニア,株式会社ゲームトレード,4年目スタートアップでプロダクト開発したいエンジニアマネージャー募集！,https://www.wantedly.com/projects/606551
エンジニア,株式会社ゲームトレード,RailsでRMT市場をグロース。業界を牽引する自社プロダクト開発をお任せ,https://www.wantedly.com/projects/590662
エンジニア,株式会社ゲームトレード,Rails経験者必見！ゲーム市場で自社マーケットプレイスを創りませんか？,https://www.wantedly.com/projects/564367
エンジニア,株式会社ゲームトレード,RMT市場で自社プロダクトを拡大展開。Railsエンジニアマネージャー募集,https://www.wantedly.com/projects/617700
Webエンジニア,株式会社タレンティオ,採用管理サービスのTalentioを改善し続けるエンジニア大募集,https://www.wantedly.com/projects/70985
Webエンジニア,株式会社インターファーム,中古バイクの売買サイト運営！画像処理にも興味ありなRailsエンジニア,https://www.wantedly.com/projects/416332
Webエンジニア,株式会社インターファーム,弊社開発チームを共に成長させてくれるテックリード候補募集！,https://www.wantedly.com/projects/286612
Rubyエンジニア,株式会社Ruby開発,大阪・Rubyフルスタックエンジニア募集！,https://www.wantedly.com/projects/85715
Rubyエンジニア,株式会社Ruby開発,大分・姫島！　離島でしっかり開発したいWebエンジニア募集！,https://www.wantedly.com/projects/97146
サーバサイドエンジニア,株式会社奇兵隊,Global Serviceを支えたいRuby Engineer募集！,https://www.wantedly.com/projects/503967
Webエンジニア,株式会社奇兵隊,世界の人々を繋ぐ！グローバルで使われるサービスのWebエンジニア募集,https://www.wantedly.com/projects/301146
バックエンドエンジニア,りらいあデジタル株式会社,AIチャットボット開発をリードするRuby on Railsエンジニア募集,https://www.wantedly.com/projects/274603
バックエンドエンジニア,りらいあデジタル株式会社,AIチャットボットから、その先の世界へ。バックエンドエンジニア募集,https://www.wantedly.com/projects/266837
バックエンドエンジニア,りらいあデジタル株式会社,日本で1番使われるCSチャットボットへ！バックエンドエンジニア募集！,https://www.wantedly.com/projects/298066
Railsエンジニア,株式会社アルダグラム,60兆円市場の建設業界を自社サービスで変革！web開発エンジニア募集！,https://www.wantedly.com/projects/581180
Ruby on Rails開発,株式会社アルダグラム,真に必要とされるサービスを届けたい。建設×ITベンチャーでエンジニア求む！,https://www.wantedly.com/projects/579297
Rails　経験者,株式会社アルダグラム,60兆円市場の建設業界を自社サービスで変革！web開発エンジニア募集！,https://www.wantedly.com/projects/598797
Rails　経験者,株式会社アルダグラム,60兆円市場の建設業界を自社サービスで変革！web開発エンジニア募集！,https://www.wantedly.com/projects/604066
バックエンドエンジニア,207株式会社,物流のDXを加速させるバックエンドエンジニア募集！,https://www.wantedly.com/projects/625508
バックエンドエンジニア,BizteX,自由な働き方を実現したいバックエンドエンジニア募集！,https://www.wantedly.com/projects/499884
コーダー・WordPress,EkanLab合同会社,コーディング・WordPressを極めたいスタッフ募集｜渋谷・駒場,https://www.wantedly.com/projects/571836
サービス開発WEBエンジニア,株式会社カカクコム,"グルメサイト""食べログ""のサービス開発担当WEBエンジニア募集‼",https://www.wantedly.com/projects/516223
サービス開発WEBエンジニア,株式会社カカクコム,"グルメサイト""食べログ""のサービス開発リーダー候補WEBエンジニア募集‼",https://www.wantedly.com/projects/550825
Webエンジニア,SecureNavi Inc.,ISMS導入にSaaSでアプローチ！新しい切り口で市場に挑むエンジニア募集,https://www.wantedly.com/projects/612204
Webエンジニア,SecureNavi Inc.,創業初期！toB向けSaaSプロダクトの立ち上げメンバーを募集,https://www.wantedly.com/projects/559653
Webエンジニア,SecureNavi Inc.,創業メンバーとしてtoB向けSaaSプロダクトの開発を担う！エンジニア募集,https://www.wantedly.com/projects/592460
Webエンジニア,SecureNavi Inc.,刺激的な環境を求めるエンジニア歓迎！創業期のプロダクト開発メンバー募集！！,https://www.wantedly.com/projects/592450
Webエンジニア,SecureNavi Inc.,創業初期！幅広い裁量権アリ！企業にセキュリティ文化を根付かせるエンジニア,https://www.wantedly.com/projects/600397
Webエンジニア,SecureNavi Inc.,SaaSによるアプローチで情報セキュリティ市場を変える！開発エンジニア募集,https://www.wantedly.com/projects/619296
ソフトウェアエンジニア,株式会社リブセンス,ソフトウェアエンジニア: マッハバイトのプロダクト開発,https://www.wantedly.com/projects/602168
ソフトウェアエンジニア,株式会社リブセンス,テックリード: 転職ナビの技術戦略を牽引する,https://www.wantedly.com/projects/602175
ソフトウェアエンジニア,株式会社リブセンス,プロダクト・エンジニア: 技術を武器にプロダクト・マネジメントに挑む,https://www.wantedly.com/projects/470713
ソフトウェアエンジニア,株式会社リブセンス,ソフトウェアエンジニア: 新規事業の立ち上げをエンジニアリングによって担う,https://www.wantedly.com/projects/602182
ソフトウェアエンジニア,株式会社リブセンス,"スマートフォンアプリエンジニア: Swift,Kotlinでプロダクト開発",https://www.wantedly.com/projects/506423
ソフトウェアエンジニア,株式会社リブセンス,ソフトウェアエンジニア: 転職ナビのプロダクト開発,https://www.wantedly.com/projects/602160
ソフトウェアエンジニア,株式会社リブセンス,ソフトウェアエンジニア: 転職会議のプロダクト開発,https://www.wantedly.com/projects/602147
サーバーサイドエンジニア,株式会社スマートメディア,エンジニア募集！急成長のSaaS型サービスでスキルアップしませんか？,https://www.wantedly.com/projects/369068
バックエンドエンジニア,Metaps Inc.,急拡大中話題のSaaS一元管理ツール｜新規事業のRailsエンジニアを募集,https://www.wantedly.com/projects/625399
Rubyエンジニア,株式会社ラフール,Railsエンジニア/技術力でメンタルヘルスの社会課題に挑戦したい方を募集,https://www.wantedly.com/projects/536058
Ruby on Rails,noco株式会社,中小企業のDXを情報インフラで解決したい｜Railsエンジニアを募集,https://www.wantedly.com/projects/627384
Webエンジニア,アスニカ株式会社,ECサイト支える！加速させる！rubyエンジニアをWANTED！！,https://www.wantedly.com/projects/167402
Railsエンジニア,レンティオ株式会社,急成長中のレンタルECサイトを開発するRailsエンジニア募集！,https://www.wantedly.com/projects/343587
サーバーサイドエンジニア,株式会社リンクアンドモチベーション,独自性と競争優位性を創り出すサーバーサイドエンジニアをWANTED！,https://www.wantedly.com/projects/624844
サーバーサイドエンジニア,株式会社リンクアンドモチベーション,独自性と競争優位性を創り出すサーバーサイドエンジニアをWANTED！,https://www.wantedly.com/projects/483286
Webエンジニア,株式会社エムステージ,医療×HR Techの新サービス企画・開発を担うフルスタックエンジニア,https://www.wantedly.com/projects/321812
Webエンジニア,株式会社エムステージ,医療系求人の新規事業を開発！最新技術をキャッチアップしたいエンジニア募集,https://www.wantedly.com/projects/411210
バックエンドエンジニア,株式会社ロコガイド,徹底してユーザーファーストなサービス創りがしたいサービス開発エンジニア募集,https://www.wantedly.com/projects/200559
サーバーサイドエンジニア,株式会社ローカルワークス,建設業界出身者募集！業界を変えるサーバーサイドエンジニアを募集！！,https://www.wantedly.com/projects/597595
Webエンジニア,株式会社Algoage,AI事業を共に生み出すソフトウェアエンジニアWanted!,https://www.wantedly.com/projects/415376
サーバーサイドエンジニア,株式会社ランチェスター,企業のアプリマーケティングを支えるプロダクト MGReのエンジニアを募集！,https://www.wantedly.com/projects/554236
WEBエンジニア,株式会社SKIYAKI,音楽×テクノロジーで活躍したいサーバーサイドエンジニア募集中！！！,https://www.wantedly.com/projects/402967
セキュリティエンジニア,株式会社SKIYAKI,"""ファンビジネス""を展開のSKIYAKIでセキュリティエンジニア募集中！！",https://www.wantedly.com/projects/457435
セキュリティエンジニア,株式会社SKIYAKI,Fan×Tech事業のSKIYAKIでセキュリティエンジニアを募集中！！,https://www.wantedly.com/projects/504151
自社のWEB/アプリ開発,株式会社エニキャリ,クイックデリバリーサービスの開発を担うソフトウェアエンジニア募集！,https://www.wantedly.com/projects/578024
Webアプリケーションエンジニ,株式会社SmartHR,T2D3達成の為にWebアプリケーションエンジニアをWanted！！,https://www.wantedly.com/projects/322928
Webエンジニア,ピクシブ株式会社,"講談社とのマンガアプリプロジェクト""Palcy""のエンジニアを募集！",https://www.wantedly.com/projects/212085
アプリケーションエンジニア,"MICIN, Inc.",Webアプリエンジニア／社会的意義の高い医療サービスの設計・開発・運用,https://www.wantedly.com/projects/195700
サーバーサイドエンジニア,CBcloud株式会社,レガシーな物流産業を変革するサーバーサイドエンジニア募集！,https://www.wantedly.com/projects/374852
web/インフラエンジニア,アグリホールディングス株式会社,[ITエンジニア]グローバル拠点のIT構築で農業界のイノベーションを推進！,https://www.wantedly.com/projects/95689
バックエンドエンジニア,VISITS Technologies 株式会社,感性や才能を可視化！人の幸せを研究開発したいバックエンドエンジニア募集！,https://www.wantedly.com/projects/598422
Railsエンジニア経験者,株式会社アシロ,弁護士×IT｜自社メディアの成長促進してくれるエンジニア探しています！,https://www.wantedly.com/projects/524610
Ruby on Rails,株式会社Crunch Style,急成長のtoC向けサブスクリプションサービスでRubyエンジニアを募集！,https://www.wantedly.com/projects/536655
バックエンドエンジニア,株式会社estie,業界の基盤を作りあげる！Rails経験のあるリードエンジニア募集！,https://www.wantedly.com/projects/461347
サーバーサイド,株式会社オープンエイト,AI ×動画SaaSプロダクトの開発をリードするRubyエンジニア,https://www.wantedly.com/projects/274211
何でも屋エンジニア,株式会社ポケットチェンジ,成長期のベンチャーの日常課題を技術で解決する何でも屋エンジニア募集！,https://www.wantedly.com/projects/282033
テックリード,ストリートアカデミー株式会社,50万人がまなぶスキルシェアサービスのグロースを担いたい開発リーダー大募集,https://www.wantedly.com/projects/569674
サーバサイドエンジニア,LIDDELL株式会社,インフルエンサーを軸としたサービスを開発するサーバサイドエンジニア募集！,https://www.wantedly.com/projects/502607
グロース・エンジニア,ミューゼオ株式会社,探究心と大切なモノへの愛情を育むサービスを改善し続けるエンジニア募集！,https://www.wantedly.com/projects/33242
機械学習エンジニア,株式会社カーリン,日本最大級のファッションメディアを最適化 - 機械学習エンジニア募集,https://www.wantedly.com/projects/441541
サーバサイドエンジニア,BRANU株式会社,サーバサイドエンジニア募集！建設DXプラットフォーム構想を実現させる！,https://www.wantedly.com/projects/525676
Webエンジニア/業務委託歓迎,Unistyle株式会社,就活生向け自社プロダクトを一緒に作り上げてくれるエンジニア募集！,https://www.wantedly.com/projects/353016
サーバサイドエンジニア,Nextremer,Golang / Node.jsでAI対話システムの成長を加速させる！,https://www.wantedly.com/projects/271620
webエンジニア,株式会社Co-LABO MAKER,研究開発の新しいかたちを創造するwebエンジニア募集！,https://www.wantedly.com/projects/390259
Webエンジニア,株式会社エデュラ,乳幼児の発育を支える保育インフラを作るバックエンドのリードエンジニア募集,https://www.wantedly.com/projects/568799
Webエンジニア,楽天グループ株式会社（キャリア採用）,シニアWebアプリケーションエンジニア - CtoC事業,https://www.wantedly.com/projects/214396
Webエンジニア,株式会社メドレー,医療ITベンチャーのメドレー、toC向け新サービス開発エンジニアを募集,https://www.wantedly.com/projects/331323
Shopifyアプリエンジニア,株式会社StoreHero,新規サービス開発！Next.jsやFirebaseでアプリ作りませんか？,https://www.wantedly.com/projects/594461
プログラマー,トリヒコ株式会社,新しいセキュリティサービスをイチから育ててくれるエンジニア募集,https://www.wantedly.com/projects/331970
バックエンドエンジニア,株式会社スナックミー,ロジスティクスオペレーション基盤を支えるバックエンドエンジニア募集！,https://www.wantedly.com/projects/434772
Webエンジニア,ランク王株式会社,ランク王の新たな成長を担う新CTOを大募集！！,https://www.wantedly.com/projects/590681
フルスタックエンジニア,Wovn Technologies株式会社,多国籍環境で英語を使って開発をしたいエンジニア募集！,https://www.wantedly.com/projects/517792
サーバーサイドエンジニア,Gunosy,多様なコンテンツを届けるコンテンツプラットフォームエンジニアを募集！,https://www.wantedly.com/projects/431526
サーバサイドエンジニア,2nd Community株式会社,会員数1万人の音楽教室を支える基幹システムのサーバーサイドエンジニア,https://www.wantedly.com/projects/317442
Webエンジニア,株式会社SENRI,アフリカ・アジア6ヶ国で展開！営業管理SaaSサーバーサイドエンジニア募集,https://www.wantedly.com/projects/465175
データサイエンティスト,ジオマーケティング株式会社,地理ビッグデータ×AIでデータサイエンティスト・アナリストへ転身！,https://www.wantedly.com/projects/285919
サーバーサイド,株式会社MOVE,D2C市場を革新する新規サービスを立ち上げ！サーバーサイドエンジニア募集,https://www.wantedly.com/projects/291709
Webエンジニア,株式会社favy,ガイアの夜明けで紹介されました！グルメメディアfavyのエンジニア募集！,https://www.wantedly.com/projects/276488
Webエンジニア,株式会社favy,ガイアの夜明けで紹介されました！グルメメディアfavyのエンジニア募集！,https://www.wantedly.com/projects/551398
"エンジニア,講師,メンター",グルーヴ・ギア株式会社,大学では学べない「プログラミング×教育」で周りに差をつけたい学生大募集！,https://www.wantedly.com/projects/192551
"エンジニア,講師,メンター",グルーヴ・ギア株式会社,未経験OK！最先端メソッドで「教育×IT」に改革<プログラミング講師募集>,https://www.wantedly.com/projects/110297
Webエンジニア,株式会社スーパーソフトウエア,テクノロジーで課題解決するサーバサイドエンジニア募集！,https://www.wantedly.com/projects/282370
バックエンドエンジニア,株式会社Nextat,受託開発で様々な開発の経験を積みたいエンジニア探しています！,https://www.wantedly.com/projects/457342
バックエンドエンジニア,株式会社Nextat,新設の東京オフィスを引っ張ってくれるエンジニア募集！,https://www.wantedly.com/projects/358046
バックエンドエンジニア,株式会社Nextat,今年4月に稼働し始めた東京オフィスを引っ張ってくれるエンジニア募集！,https://www.wantedly.com/projects/468511
バックエンドエンジニア,株式会社Nextat,新設の東京オフィスを0から作り上げてくれるエンジニア募集！,https://www.wantedly.com/projects/359498
バックエンドエンジニア,株式会社Nextat,コアメンバーとして会社の成長に力を貸してくれるエンジニア募集！,https://www.wantedly.com/projects/474393
バックエンドエンジニア,株式会社Nextat,開設したばかりの東京オフィスを引っ張ってくれるエンジニア募集してます！,https://www.wantedly.com/projects/465544
バックエンドエンジニア,株式会社Nextat,新設の東京オフィスをグイグイ引っ張ってくれるエンジニア募集！,https://www.wantedly.com/projects/360599
バックエンドエンジニア,株式会社Nextat,弊社第二拠点の東京オフィスを盛り上げてくれるエンジニア探してます！,https://www.wantedly.com/projects/366159
バックエンドエンジニア,株式会社Nextat,東京オフィスを０から作り上げてくれる野心あるエンジニア募集！,https://www.wantedly.com/projects/363225
エンジニア、プログラマ、SE,株式会社Nextat,今まで培った技術をもって、東京オフィスを牽引してくれるエンジニア募集！,https://www.wantedly.com/projects/352960
バックエンドエンジニア,株式会社Nextat,メンバー０人の東京オフィスの発展を担ってくれる即戦力エンジニア募集！,https://www.wantedly.com/projects/367981
バックエンドエンジニア,株式会社Nextat,新設の東京オフィスで快適に働きたいエンジニア探しています！,https://www.wantedly.com/projects/364667
バックエンドエンジニア,株式会社Nextat,少数精鋭のITベンチャーで共に成長してくれるエンジニアの方探しています,https://www.wantedly.com/projects/455727
バックエンドエンジニア,株式会社Nextat,京都発のITベンチャーを牽引してくれるフルスタックエンジニア探しています！,https://www.wantedly.com/projects/480303
バックエンドエンジニア,株式会社Nextat,少数精鋭のモダン環境なITベンチャーで活躍したいエンジニア探しています！,https://www.wantedly.com/projects/460119
バックエンドエンジニア,株式会社Nextat,東京オフィスを盛り上げてくれるPHP・Laravelに強いエンジニア募集！,https://www.wantedly.com/projects/371978
バックエンドエンジニア,株式会社Nextat,モダン且つ刺激的な環境で開発実績を増やしたいバックエンドエンジニア募集！,https://www.wantedly.com/projects/355643
バックエンドエンジニア,株式会社Nextat,Laravelで開発をバリバリしたいエンジニアの方探しています！,https://www.wantedly.com/projects/462663
サーバーサイドエンジニア,株式会社GIG,グリー出身のCTO直下で組織をつくる、サーバーサイドエンジニアを募集！,https://www.wantedly.com/projects/193390