PHPエンジニア,株式会社GLITTERS,Laravel経験1年から応募可能！PHPサーバーサイド募集！,https://www.wantedly.com/projects/579853
PHPエンジニア,株式会社GLITTERS,AWS×PHP×FuelPHPでのサーバーサイド開発したい人Wanted！,https://www.wantedly.com/projects/579857
Javaエンジニア,株式会社GLITTERS,Java/AWS/SpringBoot/APIアジャイル開発できます！,https://www.wantedly.com/projects/606542
Javaエンジニア,株式会社GLITTERS,新規医療系B2C DX開発にてJavaエンジニアWANTED！,https://www.wantedly.com/projects/594150
Javaエンジニア,株式会社GLITTERS,Java＋Vue.js！資産運用会社の顧客管理システム開発！,https://www.wantedly.com/projects/600523
Javaエンジニア,株式会社GLITTERS,品質レビューの経験のあるJavaエンジニアWANTED！,https://www.wantedly.com/projects/591975
PHPエンジニア,アカリエヘルスケアカンパニー株式会社,2年でPHPエンジニアとしての市場価値を身に付ける！育成研修、自社開発…,https://www.wantedly.com/projects/499821
フロントエンドエンジニア,アカリエヘルスケアカンパニー株式会社,２年でwebエンジニアとしての市場価値を身に付ける！育成研修、自社開発…,https://www.wantedly.com/projects/499822
PHPエンジニア,アカリエヘルスケアカンパニー株式会社,私って必要？確かな存在意義を感じられる環境がアカリエにはあります,https://www.wantedly.com/projects/527422
PHPエンジニア,アカリエヘルスケアカンパニー株式会社,３割もの退職理由。人間関係で占めていること、ご存知ですか？,https://www.wantedly.com/projects/497957
PHPエンジニア,アカリエヘルスケアカンパニー株式会社,フルスタックエンジニア募集！　いろんなことに挑戦できる会社で,https://www.wantedly.com/projects/510761
PHPエンジニア,アカリエヘルスケアカンパニー株式会社,年齢を重ねながら幸せに暮らせる社会の実現、に向かって進んでいる会社です！！,https://www.wantedly.com/projects/549436
PHPエンジニア,アカリエヘルスケアカンパニー株式会社,あなたの子供が70歳になる時、どんな社会が理想ですか？アカリエの考えは..,https://www.wantedly.com/projects/573719
PHPエンジニア,アカリエヘルスケアカンパニー株式会社,一言芳恩。感謝。アカリエの社風です。,https://www.wantedly.com/projects/507869
PHPエンジニア,アカリエヘルスケアカンパニー株式会社,5年先も10年先も、挑戦・成長を続けていきたい方。是非アカリエへ！！,https://www.wantedly.com/projects/582563
PHPエンジニア,アカリエヘルスケアカンパニー株式会社,DX全盛の時代。お客様の困りゴトを解決できるエンジニアは最強です！,https://www.wantedly.com/projects/565540
PHPエンジニア,アカリエヘルスケアカンパニー株式会社,次世代にレガシーを残していくために、自社開発に興味のある方探しています！,https://www.wantedly.com/projects/582619
PHPエンジニア,アカリエヘルスケアカンパニー株式会社,5年先を見据えた未来。エンジニアを続けていくために、大切なこと。,https://www.wantedly.com/projects/578158
PHPエンジニア,アカリエヘルスケアカンパニー株式会社,1つの大切な想い。自社開発システムに込めている想いとは・・・,https://www.wantedly.com/projects/582562
PHPエンジニア,アカリエヘルスケアカンパニー株式会社,ITで介護業界を変える！様々な課題解決を目指しています,https://www.wantedly.com/projects/618162
PHPエンジニア,アカリエヘルスケアカンパニー株式会社,現状→理想の自分へ！超高齢社会×ITの新規事業を広めていきましょう！,https://www.wantedly.com/projects/564541
PHPエンジニア,アカリエヘルスケアカンパニー株式会社,若手エンジニアの育成者募集！！あなたの経験を多くの人へ…,https://www.wantedly.com/projects/586506
PHPエンジニア,アカリエヘルスケアカンパニー株式会社,PHP、Python、、、次に挑戦したい技術は何ですか？,https://www.wantedly.com/projects/586504
PHPエンジニア,アカリエヘルスケアカンパニー株式会社,絵になる転職なんかない。。。あなたの想い、聞かせてください。,https://www.wantedly.com/projects/523829
PHPエンジニア,アカリエヘルスケアカンパニー株式会社,IT×介護の化学反応。その可能性、無限大。,https://www.wantedly.com/projects/618167
バックエンドエンジニア,株式会社ライトコード,東京/BtoC向けWEBシステム開発のバックエンドエンジニア募集！,https://www.wantedly.com/projects/336370
フロントエンドエンジニア,株式会社ライトコード,東京/BtoC向けWEBシステム開発のフロントエンドエンジニア募集！,https://www.wantedly.com/projects/628439
バックエンドエンジニア,株式会社ライトコード,東京/未来を切り拓く！WEBシステム開発のバックエンドエンジニア募集！,https://www.wantedly.com/projects/619120
フロントエンジニア,POTETO Media,日本の未来を作る！　政治家向けのフロントエンジニア募集！！,https://www.wantedly.com/projects/561851
PHP/Javaエンジニア,株式会社アスペア,ReactやVue.jsも実務でさわりたい、バックエンド・エンジニア募集！,https://www.wantedly.com/projects/418437
Goも書きたいC#erを募集！,株式会社アスペア,業務システムからWebサービスの現場に方向転換したいC#er、歓迎します！,https://www.wantedly.com/projects/554739
PHPエンジニア,株式会社グロシード,Laravelの開発案件でスキルアップを目指すPHPエンジニア募集！,https://www.wantedly.com/projects/541122
PHPエンジニア,株式会社グロシード,Web業界で活躍する、PHPリードエンジニアを募集！,https://www.wantedly.com/projects/608229
Javaエンジニア,株式会社グロシード,SpringBoot開発案件でスキルアップを目指すJAVAエンジニア募集！,https://www.wantedly.com/projects/551498
フロントエンド,株式会社MS-Japan,東証一部上場企業でWebエンジニアを募集！,https://www.wantedly.com/projects/594627
自社サービス 開発 リモート,Fullon株式会社,チームで刺激をもらいながら技術力を磨く。PM志向のPHPエンジニアを募集！,https://www.wantedly.com/projects/496028
自社サービス 開発 リモート,Fullon株式会社,スタッフをリードしながら技術力を磨く。PM志向のPHPエンジニアを募集！,https://www.wantedly.com/projects/482834
サーバサイドエンジニア,株式会社コンテンツワン,Java、PHP経験者歓迎！優良企業にてサーバサイド開発をお任せします。,https://www.wantedly.com/projects/410751
エンジニア,株式会社コンテンツワン,サブスクリプション型システムの開発をリードできるエンジニア募集！！,https://www.wantedly.com/projects/332075
Webエンジニア,株式会社コンテンツワン,月間３億PV！大規模化粧品口コミサイトを支えるエンジニア Wanted!!,https://www.wantedly.com/projects/314656
サーバサイドエンジニア,株式会社コンテンツワン,宇宙関連会社で、衛星の監視制御システムの開発をお任せします！,https://www.wantedly.com/projects/455119
社員：フロントエンドエンジニア,ユアマイスター株式会社,楽天出身CTOの元で自分の市場価値を高めたいフロントエンドエンジニア募集!,https://www.wantedly.com/projects/365898
社員：フロントエンドエンジニア,ユアマイスター株式会社,YOU ARE NEXT MY STAR !WebエンジニアWANTED！,https://www.wantedly.com/projects/328262
社員：フロントエンドエンジニア,ユアマイスター株式会社,サービスECのプラットフォームの未来を作るフロントエンドエンジニア募集,https://www.wantedly.com/projects/285291
社員：フロントエンドエンジニア,ユアマイスター株式会社,EC未開拓業界で、設計から開発まで一貫して極めたいエンジニアWanted！,https://www.wantedly.com/projects/368480
サーバーサイドエンジニア,H.R.I株式会社,PHPもっと頑張りたい方はぜひ！サーバーサイドエンジニア募集中！,https://www.wantedly.com/projects/620898
サーバーサイドエンジニア,H.R.I株式会社,PHPが得意なエンジニア大募集！開発で自社サービスをリードしませんか？,https://www.wantedly.com/projects/581996
サーバーサイドエンジニア,H.R.I株式会社,PHPエンジニア求む！SESから新規事業の開発を目指しませんか？,https://www.wantedly.com/projects/570644
サーバーサイドエンジニア,H.R.I株式会社,PHP大好物の方！！一緒に自社サービスの開発に携わりませんか？,https://www.wantedly.com/projects/604651
サーバーサイドエンジニア,H.R.I株式会社,SESから新規事業を手伝ってくれるPHPエンジニアWANTED！,https://www.wantedly.com/projects/594525
サーバーサイドエンジニア,H.R.I株式会社,PHPのスキルをもっと伸ばしたい！そんな方お待ちしてます。,https://www.wantedly.com/projects/613414
サーバーサイドエンジニア,H.R.I株式会社,あなたのPHPスキルを自社サービスの開発で発揮してみませんか？,https://www.wantedly.com/projects/609365
【Webエンジニア】,株式会社ハートビーツ,経験値を上げたい開発エンジニア募集！多種多様な開発の企画～運用に携われる！,https://www.wantedly.com/projects/613425
【Webエンジニア】,株式会社ハートビーツ,開発エンジニア募集！自由度高い環境で、多種多様な案件に関われます！！,https://www.wantedly.com/projects/286481
【Webエンジニア】,株式会社ハートビーツ,開発エンジニア募集！受託、自社サービス開発どちらにも挑戦できます！,https://www.wantedly.com/projects/627149
【Webエンジニア】,株式会社ハートビーツ,経験値を上げたい開発エンジニア募集！多種多様な開発の企画～運用に携われる！,https://www.wantedly.com/projects/622395
【Webエンジニア】,株式会社ハートビーツ,経験値を上げたい開発エンジニア募集！多種多様な開発の企画～運用に携われる！,https://www.wantedly.com/projects/618574
フロントエンドデベロッパー,株式会社 アカリ,フロントエンドエンジニア募集！,https://www.wantedly.com/projects/213663
PHPエンジニア,株式会社ダイヤモンドファンタジー,PHPをベースにキャリアを作っていきたい方を募集！希望案件にアサインします,https://www.wantedly.com/projects/550350
Java・PHPエンジニア,株式会社ダイヤモンドファンタジー,あなたの描くキャリアを実現させませんか？やりたいことがあるエンジニア募集！,https://www.wantedly.com/projects/583634
Java・PHPエンジニア,株式会社ダイヤモンドファンタジー,自社サービス・受託開発などキャリアを選べる会社で働きたいエンジニアを募集！,https://www.wantedly.com/projects/566927
Java・PHPエンジニア,株式会社ダイヤモンドファンタジー,モノづくりに向き合あえる環境でスキルアップに集中したいエンジニアを募集！,https://www.wantedly.com/projects/571228
Java・PHPエンジニア,株式会社ダイヤモンドファンタジー,自由度の高い環境で好きな領域を勉強したいJava・PHPエンジニアを募集！,https://www.wantedly.com/projects/550359
PHPエンジニア,株式会社ダイヤモンドファンタジー,PHPでの開発経験があるエンジニアを募集！急成長ベンチャーでスキルアップ！,https://www.wantedly.com/projects/533876
Java・PHPエンジニア,株式会社ダイヤモンドファンタジー,Java・PHPのスキルを活かして開発をリードしていきたいエンジニアを募集,https://www.wantedly.com/projects/583657
Javaエンジニア,株式会社ダイヤモンドファンタジー,Javaをベースにキャリアを作っていきたい方を募集！希望案件にアサイン！,https://www.wantedly.com/projects/554444
Javaエンジニア,株式会社ダイヤモンドファンタジー,Java開発を極めたいエンジニアを募集！急成長ベンチャーでスキルアップ！,https://www.wantedly.com/projects/531471
Javaエンジニア,株式会社ダイヤモンドファンタジー,キャリアイメージ通りにスキルアップしたいJavaエンジニアを募集！,https://www.wantedly.com/projects/546917
SESエンジニア,株式会社BTM,"多様な経験を積んで成長したいJava,PHPエンジニアをWanted！",https://www.wantedly.com/projects/617267
Webエンジニア,株式会社エイプリルナイツ,エンジニア教育やリーダー経験の有る方WANTED!,https://www.wantedly.com/projects/282624
Webエンジニア,株式会社エイプリルナイツ,仕事後にゲームを一緒にやりませんか！？ゲーム大好きエンジニアwanted!,https://www.wantedly.com/projects/261194
社内開発エンジニア,株式会社CLOCK・ON,今のスキルをもっと伸ばしたい社内開発エンジニアWANTED！,https://www.wantedly.com/projects/624275
開発エンジニア,株式会社CLOCK・ON,世の中にアタリマエを！自社サービスエンジニア募集！,https://www.wantedly.com/projects/619462
開発エンジニア,株式会社CLOCK・ON,自社サービスに携わりたいエンジニアWANTED！,https://www.wantedly.com/projects/614978
システムエンジニア,株式会社CLOCK・ON,受託開発事業の拡大に伴ったWebエンジニアを募集します。,https://www.wantedly.com/projects/614979
Web開発エンジニア,株式会社CLOCK・ON,経験？ゼロだっていいじゃない。あったらいいな、を創出する猛者WANTED！,https://www.wantedly.com/projects/338833
開発エンジニア,株式会社CLOCK・ON,アプリ開発自事業のサービス拡大！エンジニアWANTED！,https://www.wantedly.com/projects/614980
システムエンジニア,株式会社CLOCK・ON,プロジェクトの核となる受託開発エンジニアWANTED！,https://www.wantedly.com/projects/619460
Web開発エンジニア,株式会社CLOCK・ON,受託開発でお客様の満足を超えた感動を提供するエンジニアWANTED！,https://www.wantedly.com/projects/578728
Web開発エンジニア,株式会社CLOCK・ON,受託開発の成長を加速させるエンジニアWANTED！,https://www.wantedly.com/projects/624278
Webエンジニア,株式会社ディーメイク,自分で稼げるスキルを身に付ける／エンジニア募集,https://www.wantedly.com/projects/568879
Webエンジニア,株式会社ディーメイク,大手企業のプロジェクトに携われます／エンジニア募集,https://www.wantedly.com/projects/551077
Webエンジニア,株式会社ディーメイク,個人の生活に合わせた働き方を提案／エンジニア募集,https://www.wantedly.com/projects/564306
Webエンジニア,株式会社ディーメイク,裁量権を持って自分のペースで働けます／エンジニア募集,https://www.wantedly.com/projects/559550
Webエンジニア,株式会社ディーメイク,伸ばしたいスキルにチャレンジしたい。エンジニア募集,https://www.wantedly.com/projects/520872
Webエンジニア,株式会社ディーメイク,自社製品も展開し、スキルアップできる環境があります／エンジニア募集,https://www.wantedly.com/projects/555037
Webエンジニア,株式会社ディーメイク,エンジニアファーストで、スキルも磨ける環境／エンジニア募集,https://www.wantedly.com/projects/560352
フロントエンドエンジニア,株式会社ジャストワーク,100%自社内開発！フロントエンドエンジニア募集！,https://www.wantedly.com/projects/346388
フロントエンドエンジニア,Creator’s NEXT inc.,効率化、品質の高さにかなり自信があります。フロントエンドエンジニア募集,https://www.wantedly.com/projects/369661
PHPエンジニア,株式会社PPFパートナーズ,創業5年目ベンチャーが東京でWEBエンジニア大募集！経験者WANTED！,https://www.wantedly.com/projects/490960
システムエンジニア,株式会社アフェックス,開発を突き進みたい？マネジメントに進みたい？どちらでもWelcome！！,https://www.wantedly.com/projects/510932
Webエンジニア,株式会社アフェックス,成果が実感出来る案件を抱えるユーザー様多数！サーバサイドエンジニア募集！,https://www.wantedly.com/projects/311038
Webエンジニア,株式会社アフェックス,社内イベント多数！大手企業の案件開発を担うサーバーサイドエンジニア募集！,https://www.wantedly.com/projects/305820
エンジニア全般,株式会社STARK CONSULTING,SESでフリーランスエンジニアとして様々な現場で働きたい方募集！,https://www.wantedly.com/projects/492319
エンジニア、プログラマー、SE,株式会社STARK CONSULTING,プログラミングスクール卒業者募集！,https://www.wantedly.com/projects/492321
Java／PHP／Python,株式会社レガートシップ,開発を極める。PMになる。 自分でキャリアを描きたいエンジニアを大募集！,https://www.wantedly.com/projects/361486
Java/PHP/Python,株式会社レガートシップ,今までの経験を活かしてどこでも通用する＃強いエンジニア　になりたい人募集！,https://www.wantedly.com/projects/442877
Java/PHP/Python,株式会社レガートシップ,好きなことを極めたいエンジニア！やりたいことでスキルアップしませんか？,https://www.wantedly.com/projects/430000
Java/PHP/Python,株式会社レガートシップ,5年以上開発経験者で、後輩エンジニアの育成に興味ある方Wanted！！,https://www.wantedly.com/projects/466132
Java／PHP／Python,株式会社レガートシップ,今の会社でやりたいこと、出来てますか？自分の力を試したいエンジニア大募集！,https://www.wantedly.com/projects/361110
Java/PHP/Python,株式会社レガートシップ,今までの経験を活かして上流工程で活躍できる程スキルアップしたいエンジニア！,https://www.wantedly.com/projects/410298
Java／PHP／Python,株式会社レガートシップ,フリーランスからの転身者多数。上流工程に特化した環境で成長したい人を募集！,https://www.wantedly.com/projects/354880
フロントエンドエンジニア,株式会社GLOBAL SERVICE,若手の社長と一緒に将来のエンジニア業界を担おう！,https://www.wantedly.com/projects/364019
システムエンジニア・プログラマ,株式会社ラスファクトリー,音楽好きのエンジニア募集！追加募集！,https://www.wantedly.com/projects/171670
フロントエンドエンジニア,株式会社ALCHEMY,独学のみでもOKのWebエンジニア！社長と直接お話しましょう！,https://www.wantedly.com/projects/571495
プログラマー,株式会社ALCHEMY,完全ポテンシャル採用！若手プログラマーの育成実績多数！社長がお話します！,https://www.wantedly.com/projects/219107
バックエンドエンジニア,株式会社ALCHEMY,独学のみでもOKのエンジニア募集！圧倒的に熱意を重視します！,https://www.wantedly.com/projects/494882
バックエンドエンジニア,株式会社ALCHEMY,実務経験なくてもOK！本気でプログラマーを目指す方、弊社でお話しませんか？,https://www.wantedly.com/projects/278441
フロントエンド・バックエンド,株式会社ALCHEMY,業界経験不問！やる気重視のエンジニア採用！社長が直接面談します！,https://www.wantedly.com/projects/225045
サーバーサイドエンジニア,株式会社ALCHEMY,第二新卒大歓迎！独学のみで応募可能なプログラマー枠！社長が直接お話します！,https://www.wantedly.com/projects/216226
プログラマー,株式会社ALCHEMY,独学のみでも大歓迎！プログラマー希望の方、社長がお話します！,https://www.wantedly.com/projects/211790
フロントエンドエンジニア,株式会社ALCHEMY,経験不問！本気でエンジニアを目指す方、一度お話しましょう！,https://www.wantedly.com/projects/198129
PHPエンジニア,株式会社ALCHEMY,異業種・第二新卒大歓迎のエンジニア募集！社長が直接お話します！,https://www.wantedly.com/projects/271467
フロントエンドエンジニア,株式会社リブセンス,"ソフトウェアエンジニア,フロントエンド: UXとDXの両方を整備し提供する",https://www.wantedly.com/projects/212506
フロントエンドエンジニア,コネヒト株式会社,家族の毎日に必要不可欠なプロダクトを。フロントエンドエンジニア募集！,https://www.wantedly.com/projects/605413
フロントエンドエンジニア,"AutoScale, Inc.",ユーザー20万突破×モダンな環境！Reactフロントエンドエンジニア募集！,https://www.wantedly.com/projects/358522
フロントエンドエンジニア,"AutoScale, Inc.",開発から運用・改善までサービス開発が好きなReactエンジニア募集！！,https://www.wantedly.com/projects/386719
フロントエンジニア,ハイディメンション株式会社,モダンな環境に挑戦したいっ！というフロントエンジニアWANTED！！！,https://www.wantedly.com/projects/472005
フロントエンジニア,ハイディメンション株式会社,UI/UXにこだわった開発のできるフロントエンジニアWANTED！！,https://www.wantedly.com/projects/484700
Webエンジニア,株式会社フジボウル,社内Scratch案件に関わっていただける方,https://www.wantedly.com/projects/573094
"エンジニア,Java,PHP",株式会社ディマージシェア,あなたの技術力が必要です！プライム案件100%で働きたいエンジニア募集！！,https://www.wantedly.com/projects/521280
"エンジニア,Java,PHP",株式会社ディマージシェア,"共創する""すごい""を世の中に発信！人と向き合う開発がしたい人WANTED！",https://www.wantedly.com/projects/517730
"エンジニア,Java,PHP",株式会社ディマージシェア,スキルを最大化させたい開発エンジニアをWanted！！,https://www.wantedly.com/projects/549493
C#、Unity経験者,株式会社イルミナ,"建築用向けのCADシステム開発を担当して頂くC#,Unity経験者募集！",https://www.wantedly.com/projects/548223
第二新卒 未経験OK WEB,株式会社CREDEAL,第二新卒歓迎！０からPHPエンジニアとして開発現場で活躍したい人を募集！,https://www.wantedly.com/projects/589076
フロントエンドエンジニア,ちゅくる株式会社,Javaの知識とスキルを活かしたい人！やり手のフロントエンドエンジニア募集,https://www.wantedly.com/projects/399604
フロントエンドエンジニア,ちゅくる株式会社,Javaの知識とスキルを活かしたい人！やり手のフロントエンドエンジニア募集,https://www.wantedly.com/projects/380334
Javaエンジニア,シアトルコンサルティング株式会社,開発だけでなく、上流スキルも身に付けたい！そんなJavaエンジニア募集中！,https://www.wantedly.com/projects/321581
システムエンジニア,株式会社エヌ・アンド・アイ・システムズ,"WEBシステム・API開発をしたいJava,Pythonエンジニア募集！",https://www.wantedly.com/projects/428550
WEB開発エンジニア,株式会社エヌ・アンド・アイ・システムズ,"Python,Java,C#エンジニア募集！DX時代の先端ITエンジニア",https://www.wantedly.com/projects/505582
WEBシステム開発エンジニア,株式会社エヌ・アンド・アイ・システムズ,"ワクワクするWEBシステム開発をしたいJava,Pythonエンジニア募集",https://www.wantedly.com/projects/456537
WEB開発エンジニア,株式会社エヌ・アンド・アイ・システムズ,"Python,Javaエンジニア募集！WEBシステム・API開発を。",https://www.wantedly.com/projects/520288
WEB開発エンジニア,株式会社エヌ・アンド・アイ・システムズ,"Python,Javaエンジニア募集！WEBシステム・API開発を。",https://www.wantedly.com/projects/557568
WEB開発エンジニア,株式会社エヌ・アンド・アイ・システムズ,"WEBシステム・API開発をしたいJava,Pythonエンジニア募集！",https://www.wantedly.com/projects/477005
WEB開発エンジニア,株式会社エヌ・アンド・アイ・システムズ,Python・Javaエンジニア募集！WEBシステム・API開発を。,https://www.wantedly.com/projects/490143
WEB開発エンジニア,株式会社エヌ・アンド・アイ・システムズ,"Python,Javaエンジニア募集！WEBシステム・API開発を。",https://www.wantedly.com/projects/599868
開発エンジニア,パーソルテクノロジースタッフ株式会社,JavaやPythonでWEB・スマホアプリの開発がしたいエンジニア募集！,https://www.wantedly.com/projects/588330
ミスマッチゼロ！,パーソルテクノロジースタッフ株式会社,Java、Python、他にも！自分の最適機会を掴みたいエンジニア集まれ！,https://www.wantedly.com/projects/595787
Javaエンジニア,株式会社VITA,Javaエンジニアのあなたへ！データ分析エンジニアに転身してみませんか？,https://www.wantedly.com/projects/533466
アプリケーションエンジニア,株式会社VITA,エンジニアとして埋もれたくない…アプリ開発チームを立ち上げてみませんか？,https://www.wantedly.com/projects/544476
システムエンジニア,株式会社VITA,今までの経験を活かし、リーダーになる！チーム立ち上げに参画したい方を募集！,https://www.wantedly.com/projects/548178
アプリケーションエンジニア,株式会社VITA,エンジニアとして次のステージへ！アプリ開発チームの立上げメンバーを大募集！,https://www.wantedly.com/projects/539425
アプリケーションエンジニア,株式会社VITA,希少価値の高い人材へ！データ分析エンジニアへとキャリアアップしませんか？,https://www.wantedly.com/projects/537201
エンジニア｜中途経験者,株式会社VITA,エンジニアとして更なる高みへ！アプリ開発チームの立ち上げメンバーを募集！,https://www.wantedly.com/projects/553437
エンジニア｜中途経験者,株式会社VITA,アプリ開発チーム立ち上げ！コアメンバーとしてチームをけん引したい方を募集！,https://www.wantedly.com/projects/558704
エンジニア｜中途経験者,株式会社VITA,アプリ開発チームの立ち上げを通じ、市場価値を高める！エンジニア大募集！,https://www.wantedly.com/projects/559906
運用→設計構築,株式会社VITA,インフラの運用に飽きた…設計・構築にキャリアアップしたい方を募集！,https://www.wantedly.com/projects/542323
エンジニア｜中途経験者,株式会社VITA,最先端の技術を持つエンジニアへ！データ分析スキルを身に付けたい方を大募集！,https://www.wantedly.com/projects/557360
運用→設計構築,株式会社VITA,運用からステップアップ！システムの設計構築から携わりたいエンジニアを募集！,https://www.wantedly.com/projects/534779
エンジニア｜中途経験者,株式会社VITA,運用からステップアップ！システムの設計構築から携わりたいエンジニアを募集！,https://www.wantedly.com/projects/558702
アプリケーションエンジニア,株式会社VITA,SQLを触ったことがある方！データ分析エンジニアを目指してみませんか？,https://www.wantedly.com/projects/541087
中途経験者｜エンジニア,株式会社VITA,そろそろ設計・構築にキャリアアップしたい！そんなエンジニア経験者を大募集！,https://www.wantedly.com/projects/552011
エンジニア経験者,株式会社VITA,SQLに触れてきた経験者の方！データ分析エンジニアに転身しませんか？,https://www.wantedly.com/projects/549152
エンジニア｜中途経験者,株式会社VITA,SQLに触れてきたエンジニア経験者の方！データ分析に挑戦してみませんか？,https://www.wantedly.com/projects/558703
エンジニア｜中途経験者,株式会社VITA,データ分析に挑戦し、市場価値を高める！アプリケーションエンジニアを大募集！,https://www.wantedly.com/projects/575479
エンジニア｜中途経験者,株式会社VITA,データ分析に挑戦したい！そんなアプリケーションエンジニアを大募集！,https://www.wantedly.com/projects/566171
自社開発、Java,INTLOOP株式会社,大手企業のシステムを支えたいJavaエンジニア募集,https://www.wantedly.com/projects/467922
Java/AWS,トリオシステムズ株式会社,Java／AWSを経験できる金融システム開発エンジニア募集中！,https://www.wantedly.com/projects/605981
SE/プログラマー,株式会社アスタリスク,リーダー候補求む！！　元気で前向きなWEB開発ＳＥ＆ＰＧ募集♬,https://www.wantedly.com/projects/250249
サーバーサイドエンジニア,BAMV合同会社,6月以降の増員枠に向けた、ハードル低めの採用枠,https://www.wantedly.com/projects/618500
サーバーサイドエンジニア,BAMV合同会社,基礎から重視のサーバサイドエンジニア,https://www.wantedly.com/projects/370535
Webエンジニア,株式会社アジルコア,経験を活かしてECサイトを作りたいwebエンジニア募集！,https://www.wantedly.com/projects/474054
Webエンジニア,株式会社アジルコア,圧倒的シェアを誇るSalesforceの開発～導入支援が経験できます！,https://www.wantedly.com/projects/531199
DXコンサルタント（CRM・S,株式会社船井総合研究所,営業・マーケティングDXコンサルタント/CRM・SFA・MA導入、運用,https://www.wantedly.com/projects/618954
DXコンサルタント,株式会社船井総合研究所,中小営業のDX課題を本気で解決できるコンサルタント,https://www.wantedly.com/projects/627865
アプリケーションエンジニア,株式会社船井総合研究所,企業経営を加速させる経営診断サービスのアプリケーションエンジニア,https://www.wantedly.com/projects/544496
アプリケーションエンジニア,株式会社船井総合研究所,スタートアップサービスのアプリケーションエンジニアを募集！,https://www.wantedly.com/projects/536728
アプリケーションエンジニア,株式会社船井総合研究所,自社開発サービスのアプリケーションエンジニアを募集！,https://www.wantedly.com/projects/589190
Javaエンジニア,ITFORCE株式会社,SES案件拡大中！求む、ともに共創できるプロフェッショナル！,https://www.wantedly.com/projects/614164
Javaエンジニア,ITFORCE株式会社,SES案件拡大中！求む、ともに共創できるプロフェッショナル！,https://www.wantedly.com/projects/582949
Webエンジニア,株式会社ラクスパートナーズ,研修制度に自信あり｜異業種からエンジニアになりませんか？,https://www.wantedly.com/projects/275654
Webシステム開発PM/PL,株式会社パソナテック,プライム案件多数！要件定義から入り込む開発エンジニア募集！＠東京,https://www.wantedly.com/projects/479304
Webシステム開発PM/PL,株式会社パソナテック,人とITで社会課題を解決！HR業界上場のパソナでシステムエンジニア募集！,https://www.wantedly.com/projects/420659
オフショア開発,株式会社パソナテック,ベトナムのオフショア開発！PM×ディレクション×英語の成長できる環境です！,https://www.wantedly.com/projects/418051
Webエンジニア,株式会社パソナテック,15年に渡るオフショアマネジメント実績！PM/ディレクション/SE募集！,https://www.wantedly.com/projects/433930
Webデザイナー（プログラマ）,LLL inc.,Webデザイン・コーディングが学べるホームページ制作スタッフをwanted,https://www.wantedly.com/projects/372417
Webデザイナー（プログラマ）,LLL inc.,ココロオドルWeb制作があなたも！最短3ヶ月でWebデザイナーデビュー！,https://www.wantedly.com/projects/364134
フロントエンドやアプリ開発！,セルプロモート株式会社,Go/Ruby/Javaなど幅広い言語を選択！WEBエンジニア募集！,https://www.wantedly.com/projects/537497
フロントエンドエンジニア,株式会社Smallit,渋谷スクランブルスクエアからフロントエンド開発をしたいあなたをwanted,https://www.wantedly.com/projects/487289
CTO,株式会社ONE ACT,ベンチャーに自分を懸けられる仮CTO募集！！,https://www.wantedly.com/projects/43889
