Railsエンジニア,株式会社PRUM,これから開発経験を積みたい駆け出しのRailsエンジニア募集！,https://www.wantedly.com/projects/582251
フルスタックエンジニア,株式会社PRUM,モダンな開発にチャレンジして更に市場価値の高いエンジニアを目指しませんか？,https://www.wantedly.com/projects/616329
フルスタックエンジニア,株式会社PRUM,フルスタックエンジニアとしてキャリアを築いていきたいエンジニア募集！,https://www.wantedly.com/projects/626648
フルスタックエンジニア,株式会社PRUM,主体的にチャレンジできる環境で、エンジニアとして圧倒的に成長しませんか？,https://www.wantedly.com/projects/626660
フルスタックエンジニア,株式会社PRUM,"Rails,Vueでモダンな開発をしたいフルスタック志望のエンジニア募集！",https://www.wantedly.com/projects/616315
Railsエンジニア,株式会社PRUM,これからスキルを上げてフルスタックになりたいRubyエンジニア募集！,https://www.wantedly.com/projects/626669
Railsエンジニア,株式会社PRUM,スクールで学習してきた駆け出しRailsエンジニア募集！,https://www.wantedly.com/projects/626662
Railsエンジニア,株式会社mofmof,JavaからRailsに！キャリアチェンジしたいWebエンジニア募集！,https://www.wantedly.com/projects/624734
Railsエンジニア,株式会社mofmof,SIerからWebに！ずっとものづくりを続けていきたいWebエンジニア募集,https://www.wantedly.com/projects/619661
Railsエンジニア,株式会社mofmof,ずっとものづくりを続けたいエンジニアのための会社に興味のあるエンジニア募集,https://www.wantedly.com/projects/623547
Webエンジニア,株式会社ラグザイア,IT業界の問題を解決する自社サービス！自由に働きたい受託開発エンジニア募集,https://www.wantedly.com/projects/474970
Webエンジニア,株式会社ラグザイア,受託エンジニア募集！町田周辺に引越しませんか？費用と電動自転車を用意♪,https://www.wantedly.com/projects/499194
Webエンジニア,株式会社ラグザイア,IT業界の問題を解決する自社サービス！自由に働きたい受託開発エンジニア募集,https://www.wantedly.com/projects/533566
Webエンジニア,株式会社ラグザイア,IT業界の問題を解決する自社サービス！自由に働きたい受託開発エンジニア募集,https://www.wantedly.com/projects/526706
Webエンジニア,株式会社ラグザイア,IT業界の問題を解決する自社サービス！自由に働きたい受託開発エンジニア募集,https://www.wantedly.com/projects/519386
Webエンジニア,株式会社ラグザイア,IT業界の問題を解決する自社サービス！自由に働きたい受託開発エンジニア募集,https://www.wantedly.com/projects/540467
Webエンジニア,株式会社ラグザイア,問題を解決する自社サービス！自由に働きたい受託開発エンジニア募集！,https://www.wantedly.com/projects/555988
Webエンジニア,株式会社ラグザイア,問題を解決する自社サービス！自由に働きたい受託開発エンジニア募集！,https://www.wantedly.com/projects/547781
Webエンジニア,株式会社ラグザイア,問題を解決する自社サービス！自由に働きたい受託開発エンジニア募集！,https://www.wantedly.com/projects/560877
Webエンジニア,株式会社ラグザイア,問題を解決する自社サービス！自由に働きたい受託開発エンジニア募集！,https://www.wantedly.com/projects/593787
Webエンジニア,株式会社ラグザイア,問題を解決する自社サービス！自由に働きたい受託開発エンジニア募集！,https://www.wantedly.com/projects/576904
Webエンジニア,株式会社ラグザイア,問題を解決する自社サービス！自由に働きたい受託開発エンジニア募集！,https://www.wantedly.com/projects/585883
Webエンジニア,株式会社フロネシス,不動産関連の業務改革を目指します！クラウドサービスの開発エンジニアを募集！,https://www.wantedly.com/projects/239629
"web,アプリ制作",株式会社フロネシス,不動産関連の業務改革！CTO候補！クラウドサービスの開発エンジニアを募集！,https://www.wantedly.com/projects/296463
Webエンジニア,株式会社スーパーソフトウエア,実務経験ゼロからエンジニアになりたい人、募集！,https://www.wantedly.com/projects/287655
バックエンドエンジニア,株式会社palan,ランニングが好きなWebエンジニア募集！,https://www.wantedly.com/projects/265313