Webエンジニア,株式会社ラグザイア,問題を解決する自社サービス！自由に働きたい受託開発エンジニア募集！,https://www.wantedly.com/projects/585883
Webエンジニア,株式会社ラグザイア,IT業界の問題を解決する自社サービス！自由に働きたい受託開発エンジニア募集,https://www.wantedly.com/projects/526706
Webエンジニア,株式会社ラグザイア,IT業界の問題を解決する自社サービス！自由に働きたい受託開発エンジニア募集,https://www.wantedly.com/projects/533566
Webエンジニア,株式会社ラグザイア,IT業界の問題を解決する自社サービス！自由に働きたい受託開発エンジニア募集,https://www.wantedly.com/projects/540467
Webエンジニア,株式会社ラグザイア,問題を解決する自社サービス！自由に働きたい受託開発エンジニア募集！,https://www.wantedly.com/projects/547781
Webエンジニア,株式会社ラグザイア,受託エンジニア募集！町田周辺に引越しませんか？費用と電動自転車を用意♪,https://www.wantedly.com/projects/499194
Webエンジニア,株式会社ラグザイア,問題を解決する自社サービス！自由に働きたい受託開発エンジニア募集！,https://www.wantedly.com/projects/576904
Webエンジニア,株式会社ラグザイア,問題を解決する自社サービス！自由に働きたい受託開発エンジニア募集！,https://www.wantedly.com/projects/555988
Webエンジニア,株式会社ラグザイア,IT業界の問題を解決する自社サービス！自由に働きたい受託開発エンジニア募集,https://www.wantedly.com/projects/519386
Webエンジニア,株式会社ラグザイア,問題を解決する自社サービス！自由に働きたい受託開発エンジニア募集！,https://www.wantedly.com/projects/568630
Webエンジニア,株式会社ラグザイア,問題を解決する自社サービス！自由に働きたい受託開発エンジニア募集！,https://www.wantedly.com/projects/560877
Webエンジニア,株式会社ラグザイア,問題を解決する自社サービス！自由に働きたい受託開発エンジニア募集！,https://www.wantedly.com/projects/593787
Webエンジニア,株式会社ラグザイア,IT業界の問題を解決する自社サービス！自由に働きたい受託開発エンジニア募集,https://www.wantedly.com/projects/474970
Webエンジニア,株式会社ラグザイア,問題を解決する自社サービス！自由に働きたい受託開発エンジニア募集！,https://www.wantedly.com/projects/602712
サーバーサイドエンジニア,株式会社メンバーズ 常駐型デジタルプロフェッショナルサービス,Rubyで開発したい！チームを盛り上げたい！エンジニア募集！,https://www.wantedly.com/projects/622323
サーバーサイドエンジニア,株式会社メンバーズ 常駐型デジタルプロフェッショナルサービス,仲間と共に社会課題解決に貢献したい方！Rubyエンジニア募集！,https://www.wantedly.com/projects/503976
サーバーサイドエンジニア,株式会社メンバーズ 常駐型デジタルプロフェッショナルサービス,本当に成長できる環境に興味ありませんか？Rubyエンジニア,https://www.wantedly.com/projects/467814
サーバーサイドエンジニア,株式会社メンバーズ 常駐型デジタルプロフェッショナルサービス,仲間と共にスキルアップし続けたい方！Rubyエンジニア募集！,https://www.wantedly.com/projects/515805
サーバーサイドエンジニア,株式会社メンバーズ 常駐型デジタルプロフェッショナルサービス,技術向上を支援！学び合うRubyエンジニアWanted,https://www.wantedly.com/projects/222131
Webエンジニア,株式会社スーパーソフトウエア,実務経験ゼロからエンジニアになりたい人、募集！,https://www.wantedly.com/projects/287655
Rubyエンジニア,株式会社GLITTERS,あなたの技術で医療をもっとカジュアルに。　自社サービス開発企業ご紹介！,https://www.wantedly.com/projects/553076
サーバーサイド,株式会社GLITTERS,ECサイト・リプレースプロジェクト！実装者募集,https://www.wantedly.com/projects/550673
Rubyエンジニア,株式会社GLITTERS,CM放送中のサービスです！React・Ruby開発エンジニア募集,https://www.wantedly.com/projects/553214
Railsエンジニア,株式会社PRUM,スクールで学習してきた駆け出しRailsエンジニア募集！,https://www.wantedly.com/projects/626662
Railsエンジニア,株式会社PRUM,これからスキルを上げてフルスタックになりたいRubyエンジニア募集！,https://www.wantedly.com/projects/626669
PHPエンジニア,スキルエンジン株式会社,京橋で大規模WEBアプリ開発をしたいPHPエンジニア Wanted！！,https://www.wantedly.com/projects/326569
Webエンジニア,株式会社フロネシス,不動産関連の業務改革を目指します！クラウドサービスの開発エンジニアを募集！,https://www.wantedly.com/projects/239629
システムエンジニア,株式会社キューブエッジ,高難易度案件もなんのその！ハイレベルSESで成長したいIT技術者募集！,https://www.wantedly.com/projects/583321
バックエンドエンジニア,株式会社palan,ランニングが好きなWebエンジニア募集！,https://www.wantedly.com/projects/265313